scenario,model,series_id,origins,mae,rmse,bias,max_abs_error,coverage,mean_width
asymmetric,drift,A_Ecol,52,1.99269186687723e-07,2.532945929826647e-07,-1.99269186687723e-07,4.88427289113891e-07,,
asymmetric,drift,A_Econ,52,4.829373289428786e-05,6.094436926900601e-05,-5.3826889433538145e-06,0.00011585077800514212,,
asymmetric,drift,A_Edu,52,9.367576294709976e-05,0.00011898036126619813,9.367576294709976e-05,0.00022912832285622645,,
asymmetric,drift,A_Emp,52,7.038275434422615e-05,8.919098252643736e-05,7.038275434422615e-05,0.00017118277095404429,,
asymmetric,drift,GTD,52,0.0003360562683255033,0.0004255708188122053,0.0003360562683255033,0.0008159752057368552,,
asymmetric,drift,IAD,52,0.0004484459094069526,0.0005693705544182745,-0.0004484459094069526,0.001096010092966695,,
asymmetric,drift,IID,52,0.0001610847229597931,0.00020395990958099476,-0.0001610847229597931,0.0003910208075368039,,
asymmetric,drift,IVD,52,0.000431122679890932,0.000547741758882585,-0.000431122679890932,0.001055444665572449,,
asymmetric,drift,SI_Ecol,52,0.0009605973851720069,0.001221053366128599,0.0009605973851720069,0.002354615089872097,,
asymmetric,drift,SI_Econ,52,0.23330808525397045,0.2944235876793155,-0.026003888613024478,0.559677655291751,,
asymmetric,drift,SI_Edu,52,0.7897548049646013,1.0106255715084864,0.5498791290914611,1.9192952771845682,,
asymmetric,drift,SI_Emp,52,0.6602207282705698,0.8478128997572327,0.505925749600794,1.609820312013627,,
asymmetric,drift,V_CGM,52,0.0032360279344545778,0.004090768725540867,-0.0032360279344545778,0.007823468465457336,,
asymmetric,drift,V_cycle_total,52,0.003112303200452952,0.003934332604642142,-0.003112303200452952,0.007524217752734149,,
asymmetric,drift,V_grad_total,52,0.00012372473400161927,0.0001564394501197969,-0.00012372473400161927,0.00029925071272318,,
asymmetric,last_value,A_Ecol,52,1.3377300906932698e-06,1.487273117268422e-06,1.3377300906932698e-06,2.306116851578823e-06,,
asymmetric,last_value,A_Econ,52,0.0005381252113614933,0.0006069994940322484,-0.0005381252113614933,0.0009749067388334575,,
asymmetric,last_value,A_Edu,52,0.0005553736482682827,0.000616368667845259,-0.0005553736482682827,0.0009509615157171961,,
asymmetric,last_value,A_Emp,52,0.0005308678222784018,0.0005912894961630432,-0.0005308678222784018,0.000922000095632552,,
asymmetric,last_value,GTD,52,0.0038247967794742543,0.004278384499876241,-0.0038247967794742543,0.006749212153899066,,
asymmetric,last_value,IAD,52,0.004338924350614202,0.004845422092623009,0.004338924350614202,0.00760829947070813,,
asymmetric,last_value,IID,52,0.0013858898542271586,0.0015461074542241421,0.0013858898542271586,0.0024216602418940174,,
asymmetric,last_value,IVD,52,0.004257836970824032,0.0047556041406790804,0.004257836970824032,0.007469936517545668,,
asymmetric,last_value,SI_Ecol,52,0.00645432406012906,0.007175921103026046,-0.00645432406012906,0.011127060265220753,,
asymmetric,last_value,SI_Econ,52,2.599694725699327,2.932427899345795,-2.599694725699327,4.709795886689106,,
asymmetric,last_value,SI_Edu,52,2.466761257869961,2.7369691257207833,-1.2274711825005504,4.21165841632609,,
asymmetric,last_value,SI_Emp,52,2.352430085865893,2.618864456517645,-0.9663233935329464,4.076426049649482,,
asymmetric,last_value,V_CGM,52,0.013693520199218946,0.015114983581247712,0.013693520199218946,0.0229575281412218,,
asymmetric,last_value,V_cycle_total,52,0.013135363525802773,0.014498141866596917,0.013135363525802773,0.022016994476821712,,
asymmetric,last_value,V_grad_total,52,0.0005581566734161785,0.0006168578263801784,0.0005581566734161785,0.0009405336644000887,,
asymmetric,linear_trend,A_Ecol,52,3.321898732355997e-06,3.4107507203735813e-06,-1.102308423464693e-06,4.478046549316018e-06,,
asymmetric,linear_trend,A_Econ,52,0.003769055857189433,0.00384914919639772,-0.0036190543678304866,0.004971195106653531,,
asymmetric,linear_trend,A_Edu,52,0.0013780229116824609,0.0014279046033507927,0.0013427331708348936,0.0019780351901578248,,
asymmetric,linear_trend,A_Emp,52,0.0021233438222276546,0.0021706443794537894,6.839298229346386e-05,0.0028073729988074368,,
asymmetric,linear_trend,GTD,52,0.008870473994193535,0.009110886102448302,0.008870473994193535,0.012202242330074978,,
asymmetric,linear_trend,IAD,52,0.008504722102409283,0.008770645000806581,-0.008504722102409283,0.011968301276716468,,
asymmetric,linear_trend,IID,52,0.004542018198750479,0.004662578399082426,-0.004542018198750479,0.006227879578692211,,
asymmetric,linear_trend,IVD,52,0.007825777659435885,0.008074819604205124,-0.007825777659435885,0.011045563935075291,,
asymmetric,linear_trend,SI_Ecol,52,0.01600757539508132,0.016435703516600408,0.005303727960988497,0.021579473096385398,,
asymmetric,linear_trend,SI_Econ,52,3.8196947751993937,3.9607189641441014,-2.785322969800821,5.30599499820039,,
asymmetric,linear_trend,SI_Edu,52,8.731473303785572,9.058319195008592,8.560987789976245,12.480533356995588,,
asymmetric,linear_trend,SI_Emp,52,7.71406442029018,8.00945512322419,7.619560396955477,11.072003164439783,,
asymmetric,linear_trend,V_CGM,52,0.1995086852066415,0.20380941218577497,-0.1995086852066415,0.2652940365172308,,
asymmetric,linear_trend,V_cycle_total,52,0.1958762069855456,0.2000826523008765,-0.1958762069855456,0.2603235756466751,,
asymmetric,linear_trend,V_grad_total,52,0.0036324782210959946,0.003727620510388255,-0.0036324782210959946,0.004970460870555782,,
asymmetric,timesfm,A_Ecol,52,1.9388019193706174e-06,2.0321866154923354e-06,-1.7482883500017959e-06,2.8769025159764967e-06,0.30000000000000004,1.8070845936353382e-06
asymmetric,timesfm,A_Econ,52,8.301798170795937e-05,9.691220872972874e-05,-1.0598578825408147e-05,0.00016264427955996083,0.9980769230769231,0.0016952623810189275
asymmetric,timesfm,A_Edu,52,3.660005807964297e-05,5.2006751514761544e-05,1.52450438177451e-05,0.00011286214770515363,0.8788461538461536,0.0003218159831773776
asymmetric,timesfm,A_Emp,52,4.9815515488512875e-05,6.602601502041569e-05,-2.4423087497725766e-05,0.0001442459524868524,0.7788461538461541,0.0013653851167943622
asymmetric,timesfm,GTD,52,0.00028117860017685004,0.0003847492061150405,0.00010435946090795335,0.0008268586331372732,0.8576923076923073,0.002053562752329386
asymmetric,timesfm,IAD,52,0.0003258038737347753,0.00045814448008275134,-0.00026556529070934825,0.0009831489611031126,0.9423076923076917,0.001867472294431466
asymmetric,timesfm,IID,52,9.024699668957482e-05,0.00013547888458905272,-5.009481613266743e-05,0.0003200575921317941,0.9692307692307691,0.0009753240415683162
asymmetric,timesfm,IVD,52,0.00030135910222890455,0.00042276942902160907,-0.00025105249194750295,0.0009013221298682749,0.9076923076923075,0.0016316709037010476
asymmetric,timesfm,SI_Ecol,52,0.00067403151070317,0.0008558453336969218,-0.00027470182764465477,0.0016001850202994861,0.9115384615384611,0.005660335834209738
asymmetric,timesfm,SI_Econ,52,0.37397677717877,0.47140896907561824,0.060877213952373235,0.8443419333609449,0.9961538461538461,3.9490493040818433
asymmetric,timesfm,SI_Edu,52,0.6960104076462522,0.9189820385227704,0.6271547982541199,1.7812081930608425,0.8692307692307693,2.064751331622784
asymmetric,timesfm,SI_Emp,52,0.6891131157138506,0.8937723169960667,0.40991887279951555,1.7575762876350682,0.8134615384615387,2.879154916910024
asymmetric,timesfm,V_CGM,52,0.006351802877880374,0.009035522425020577,-0.0027849693407041914,0.020337790483007163,0.8884615384615384,0.08260362138255285
asymmetric,timesfm,V_cycle_total,52,0.0051753581132430405,0.006584716438396417,0.002731605937886551,0.013860235255603879,0.8807692307692307,0.07924626132544993
asymmetric,timesfm,V_grad_total,52,6.88019150665361e-05,0.00010132934130902659,-3.464852382891371e-05,0.000238941554082232,0.9499999999999997,0.0007553453342272685
at_astar,drift,A_Ecol,52,1.5541301638277982e-07,1.9820086754464677e-07,-1.2072832722466026e-07,3.8268862443627955e-07,,
at_astar,drift,A_Econ,52,5.29229493962545e-05,6.745847738112042e-05,5.29229493962545e-05,0.00013069896763624668,,
at_astar,drift,A_Edu,52,9.156289820486348e-05,0.00011628993442709944,9.156289820486348e-05,0.0002239354874439212,,
at_astar,drift,A_Emp,52,8.147031907190857e-05,0.00010294748475446604,8.147031907190857e-05,0.00019670901088913705,,
at_astar,drift,GTD,52,0.0004403935666310075,0.0005579384338034985,0.0004403935666310075,0.0010704408962581057,,
at_astar,drift,IAD,52,0.0005516628956614249,0.000700159071903694,-0.0005516628956614249,0.001346972979512109,,
at_astar,drift,IID,52,0.0001448877974671931,0.0001834604637511616,-0.0001448877974671931,0.000351761177562839,,
at_astar,drift,IVD,52,0.0005621013040051997,0.0007137133096020048,-0.0005621013040051997,0.0013739525673710248,,
at_astar,drift,SI_Ecol,52,0.000749103899987456,0.0009553448531085033,0.0005814110288734644,0.0018445987164047695,,
at_astar,drift,SI_Econ,52,0.25567193193903276,0.32589338716857763,0.25567193193903276,0.6314095858074216,,
at_astar,drift,SI_Edu,52,0.7552343171063727,0.9661899506263527,0.5344887780532249,1.8355148016813507,,
at_astar,drift,SI_Emp,52,0.7816658395010235,0.9998704465271528,0.5526095960411473,1.8923927193465617,,
at_astar,drift,V_CGM,52,0.005245348713070758,0.006563310080842942,-0.005245348713070758,0.012351056904289419,,
at_astar,drift,V_cycle_total,52,0.005088227188854911,0.006364901148290395,-0.005088227188854911,0.011972179951264948,,
at_astar,drift,V_grad_total,52,0.0001571215242158514,0.00019843249370407598,-0.0001571215242158514,0.0003788769530244769,,
at_astar,last_value,A_Ecol,52,1.6878809639473871e-06,1.8886367401473688e-06,1.6878809639473871e-06,2.974975886253957e-06,,
at_astar,last_value,A_Econ,52,0.0006129250098397362,0.0006854447211717706,-0.0006129250098397362,0.0010799336855200998,,
at_astar,last_value,A_Edu,52,0.0005390906480423751,0.0005982373472895174,-0.0005390906480423751,0.0009227073239146944,,
at_astar,last_value,A_Emp,52,0.0005356608038999802,0.0005957275504690304,-0.0005356608038999802,0.0009253475763324788,,
at_astar,last_value,GTD,52,0.004731282839331161,0.0052895971446489205,-0.004731282839331161,0.0083326071145822,,
at_astar,last_value,IAD,52,0.005098972617093405,0.005691711929393802,0.005098972617093405,0.008926909770951218,,
at_astar,last_value,IID,52,0.0013690535770650369,0.0015288143049124701,0.0013690535770650369,0.0024008595034048516,,
at_astar,last_value,IVD,52,0.005215282883164959,0.005821581926798553,0.005215282883164959,0.0091303823183929,,
at_astar,last_value,SI_Ecol,52,0.008140870500836318,0.009109238864531475,-0.008140870500836318,0.014349247757058729,,
at_astar,last_value,SI_Econ,52,2.9610541964724373,3.311398516119042,-2.9610541964724373,5.217183374940706,,
at_astar,last_value,SI_Edu,52,2.4034568610886216,2.6669838692464065,-1.2599554514281215,4.091579327065588,,
at_astar,last_value,SI_Emp,52,2.297682339139844,2.553184765391924,-0.4836094828756634,3.9422093619311145,,
at_astar,last_value,V_CGM,52,0.013643919368074037,0.014910013133306317,0.013643919368074037,0.021999349552006782,,
at_astar,last_value,V_cycle_total,52,0.012975216062246307,0.014172464529649901,0.012974877788674873,0.020879470444999906,,
at_astar,last_value,V_grad_total,52,0.0006690415793991621,0.0007386749133712531,0.0006690415793991621,0.001123237780821002,,
at_astar,linear_trend,A_Ecol,52,4.2772720342067596e-06,4.3844228697514975e-06,2.6379937782935694e-06,5.731450984690903e-06,,
at_astar,linear_trend,A_Econ,52,0.0009363225254400223,0.0009621810572461507,0.00028911526422796855,0.0012723650789792245,,
at_astar,linear_trend,A_Edu,52,0.0013797429784408151,0.0014292622335623606,0.001348022295422473,0.0019780990711067833,,
at_astar,linear_trend,A_Emp,52,0.0016491846479727104,0.0017034358155212513,0.0016488992456373881,0.0023270920261926915,,
at_astar,linear_trend,GTD,52,0.009371774338402899,0.009654507521700079,0.009371774338402899,0.01310688630318976,,
at_astar,linear_trend,IAD,52,0.009806999839961087,0.010127581043744739,-0.009806999839961087,0.013896799352545418,,
at_astar,linear_trend,IID,52,0.004299843383323875,0.0044118217050854065,-0.004299843383323875,0.005878780147300574,,
at_astar,linear_trend,IVD,52,0.00978803549899924,0.010110409653666731,-0.00978803549899924,0.013888641977662857,,
at_astar,linear_trend,SI_Ecol,52,0.020620209321059346,0.021136801558698962,-0.012724887629165568,0.02763123128326037,,
at_astar,linear_trend,SI_Econ,52,4.5233947035882895,4.648317839192064,1.3967221971090846,6.146823666963035,,
at_astar,linear_trend,SI_Edu,52,8.614162730468905,8.933995541316262,8.460919413491201,12.308180596050219,,
at_astar,linear_trend,SI_Emp,52,10.59659571475508,10.96575799110934,10.595216929799138,14.994202267546244,,
at_astar,linear_trend,V_CGM,52,0.3489716781070978,0.35675696126219025,-0.3489716781070978,0.4658298760656914,,
at_astar,linear_trend,V_cycle_total,52,0.34425804784589364,0.3519208409285983,-0.34425804784589364,0.45937719151467904,,
at_astar,linear_trend,V_grad_total,52,0.004713630261204084,0.0048375856069951765,-0.004713630261204084,0.006452684551012311,,
at_astar,timesfm,A_Ecol,52,3.5148819112743784e-07,3.7881487957770893e-07,-2.9853481950443324e-07,5.729851067110472e-07,0.8096153846153847,7.066481675092991e-07
at_astar,timesfm,A_Econ,52,3.102923277470366e-05,3.9784553148980644e-05,-1.1719750592931548e-05,7.675410215598108e-05,0.9884615384615384,0.00019790114333423272
at_astar,timesfm,A_Edu,52,1.9810147022933157e-05,2.4977190365513824e-05,9.903225516102066e-07,4.8365776792172187e-05,0.8192307692307692,0.00014702538386560403
at_astar,timesfm,A_Emp,52,3.451677225707363e-05,4.054767108683928e-05,-5.056846598239573e-06,7.191460191204102e-05,0.7461538461538461,0.00016532583305468935
at_astar,timesfm,GTD,52,0.00010194483238583159,0.00012163357805154118,-2.420272187475141e-05,0.0002189867213815614,0.8596153846153842,0.0006794087302226285
at_astar,timesfm,IAD,52,0.00011700517164556905,0.00014947946133115107,-3.9286394979325935e-05,0.0003063331521419957,0.8788461538461539,0.0006476811563166287
at_astar,timesfm,IID,52,5.0705225847157135e-05,6.274802137953852e-05,-3.2032488796416273e-05,0.00012456213000741303,0.9942307692307691,0.00041678857344847476
at_astar,timesfm,IVD,52,0.0001208262931247102,0.00015948410498416605,-6.533198463998566e-05,0.00034057207383372465,0.9115384615384612,0.0006184555733433136
at_astar,timesfm,SI_Ecol,52,0.00039766914160505983,0.0004707588698548894,8.671241694813148e-05,0.0008082214839501598,0.9230769230769229,0.0024501507098858176
at_astar,timesfm,SI_Econ,52,0.14991122917297905,0.19222417302178504,-0.05659750978755554,0.3709717136979508,0.9903846153846154,0.9561482943021331
at_astar,timesfm,SI_Edu,52,0.5479836695949061,0.7097744804325898,0.5139522212531442,1.3431291897117386,0.8384615384615384,1.2447238775400014
at_astar,timesfm,SI_Emp,52,0.6599848086793205,0.84678913764689,0.6129214322452776,1.5986257328411209,0.8346153846153845,1.4042322305532606
at_astar,timesfm,V_CGM,52,0.008562107167469152,0.010902188407825834,-0.004065310184641872,0.022670189252538282,0.8692307692307686,0.05656942129135131
at_astar,timesfm,V_cycle_total,52,0.007961032046624872,0.010267783400811926,-0.004344216761666891,0.020273904430002435,0.8557692307692311,0.05564581273983302
at_astar,timesfm,V_grad_total,52,4.9792102017262876e-05,6.049234194419446e-05,-8.48302777953537e-06,0.00011523401451814775,0.9615384615384611,0.0004318550229072571
canonical,drift,A_Ecol,52,5.971596172568826e-07,7.513635222686717e-07,-5.971596172568826e-07,1.4257353532133614e-06,,
canonical,drift,A_Econ,52,7.441651608767252e-05,9.417177955146145e-05,-7.441651608767252e-05,0.00018041712885024654,,
canonical,drift,A_Edu,52,0.00015383338284813612,0.00019284767421582735,-0.00015383338284813612,0.00036382656370498274,,
canonical,drift,A_Emp,52,4.0687137245197986e-05,5.179555183202808e-05,3.473873678661474e-05,9.969794859015062e-05,,
canonical,drift,GTD,52,0.00013717346998959654,0.00017146920018416866,0.00013714990640913938,0.0003219923663978326,,
canonical,drift,IAD,52,0.00015178674839160411,0.00019003534043480157,-0.00014294692530620825,0.0003574517277058503,,
canonical,drift,IID,52,6.254081041495579e-05,7.845642480433802e-05,-5.1847262120066734e-05,0.0001479566166485296,,
canonical,drift,IVD,52,0.0001942736682981534,0.00024338955442973815,-0.00017859929012325717,0.00045823277490051413,,
canonical,drift,SI_Ecol,52,0.0028786852386467115,0.003622169113155882,0.0028786852386467115,0.006873531607216257,,
canonical,drift,SI_Econ,52,0.24275172880656493,0.30862726121974676,0.24275172880656493,0.5954691711799375,,
canonical,drift,SI_Edu,52,0.522276340356884,0.659251303538222,0.522276340356884,1.2565206254133625,,
canonical,drift,SI_Emp,52,0.28644831505546753,0.36557708155416113,0.19118306336399352,0.6944093580094386,,
canonical,drift,V_CGM,52,0.0019273224164021762,0.00239902646148267,-0.0019273224164021762,0.004474345501067798,,
canonical,drift,V_cycle_total,52,0.001923708799632991,0.002394707090049619,-0.001923708799632991,0.004467025136552092,,
canonical,drift,V_grad_total,52,1.539362825022399e-05,1.9548700877869014e-05,-3.613616769185204e-06,3.7488237211713465e-05,,
canonical,last_value,A_Ecol,52,2.0183457921027293e-06,2.218277382564493e-06,2.0183457921027293e-06,3.329729027440478e-06,,
canonical,last_value,A_Econ,52,0.0003842259488383662,0.0004256408964637359,0.0003842259488383662,0.0006534782619243693,,
canonical,last_value,A_Edu,52,0.00037386925361930685,0.0004080071882857657,0.0003672909169046197,0.0005980139290058385,,
canonical,last_value,A_Emp,52,0.00026444299159488903,0.00029410646877831833,-0.00026444299159488903,0.0004549266055762826,,
canonical,last_value,GTD,52,0.0005262866506080735,0.0005809411528864268,-0.0005262866506080735,0.0008843602300051246,,
canonical,last_value,IAD,52,0.0006440751689763494,0.0007134880238952927,0.0006440751689763494,0.0010967440982842557,,
canonical,last_value,IID,52,0.000265954171199516,0.00029546796928752166,0.000265954171199516,0.0004576583879678872,,
canonical,last_value,IVD,52,0.0008500822639709762,0.0009426727971692416,0.0008500822639709762,0.0014531146883672809,,
canonical,last_value,SI_Ecol,52,0.0097410200743397,0.010706172435873395,-0.0097410200743397,0.01607138714366813,,
canonical,last_value,SI_Econ,52,1.547258229243808,1.7189781787036393,-1.547258229243808,2.65909438891165,,
canonical,last_value,SI_Edu,52,1.530788033500337,1.6777516094332345,-1.4992237877578583,2.4877245294646353,,
canonical,last_value,SI_Emp,52,1.227204472545465,1.365401225083795,-1.0122444117044176,2.1092570650467906,,
canonical,last_value,V_CGM,52,0.003671791837406323,0.003977469374477184,0.003671791837406323,0.005705870123191811,,
canonical,last_value,V_cycle_total,52,0.003606865912327881,0.003904749602683703,0.003606865912327881,0.005588565248831312,,
canonical,last_value,V_grad_total,52,6.492592507844026e-05,7.315623323791392e-05,6.492592507844026e-05,0.00011730487436049823,,
canonical,linear_trend,A_Ecol,52,1.2109813800920173e-05,1.2511464926025914e-05,-1.1513524393759025e-05,1.698526263077184e-05,,
canonical,linear_trend,A_Econ,52,0.00487236760340547,0.00497025985913891,-0.00487236760340547,0.006421343762718543,,
canonical,linear_trend,A_Edu,52,0.007969614917602959,0.00814754371380036,-0.007969614917602959,0.010652302320122094,,
canonical,linear_trend,A_Emp,52,0.0038767857891042505,0.003945419911429883,-0.003405969573510597,0.005003580539102109,,
canonical,linear_trend,GTD,52,0.009253894868648683,0.009449434070729233,0.009253894868648683,0.01227541679788896,,
canonical,linear_trend,IAD,52,0.007308494843333493,0.00747647201405083,-0.007308494843333493,0.00980074625714798,,
canonical,linear_trend,IID,52,0.0024754569389782424,0.0025355140956837847,-0.002473141667277329,0.003340774100648631,,
canonical,linear_trend,IVD,52,0.008395839226142203,0.008594685384755558,-0.008395839226142203,0.011302852224568795,,
canonical,linear_trend,SI_Ecol,52,0.05818298602239182,0.060113872257312136,0.0552883854211093,0.0816157564303835,,
canonical,linear_trend,SI_Econ,52,5.963294965802105,6.13127807593852,5.963294965802105,8.251044342738139,,
canonical,linear_trend,SI_Edu,52,8.456587179708931,8.765207550191146,8.456587179708931,12.124709995480385,,
canonical,linear_trend,SI_Emp,52,5.255760561502684,5.36188415958029,3.387130966230236,6.746598778483882,,
canonical,linear_trend,V_CGM,52,0.23748733615618545,0.24189296418906056,-0.23748733615618545,0.30980779068088277,,
canonical,linear_trend,V_cycle_total,52,0.23764852665424108,0.24205539722581265,-0.23764852665424108,0.3100035464178252,,
canonical,linear_trend,V_grad_total,52,0.00029933652783453843,0.00030503103296514834,0.0001611904980556076,0.00038065152094877774,,
canonical,timesfm,A_Ecol,52,3.4193052738689823e-07,4.026932991738656e-07,-2.6309273042737594e-07,6.869058528800288e-07,0.8980769230769231,1.8770699031077902e-06
canonical,timesfm,A_Econ,52,6.286138394374575e-05,8.030472651108446e-05,6.955169510247635e-06,0.00015206428849437687,0.9557692307692304,0.00037874537161909617
canonical,timesfm,A_Edu,52,9.464375121468298e-05,0.00012044009683815938,-7.224760299599564e-05,0.000244371370356583,0.9384615384615382,0.0008783752779261424
canonical,timesfm,A_Emp,52,4.5377436950278954e-05,5.237132210417553e-05,-2.3441001243574638e-05,9.0323830065044e-05,0.9057692307692305,0.00032292992378083553
canonical,timesfm,GTD,52,7.341605583730858e-05,8.607006488261551e-05,2.3530274170134695e-05,0.00014964905456576173,0.9230769230769224,0.0011134478335197155
canonical,timesfm,IAD,52,7.655345424907649e-05,9.919993425416144e-05,-5.665116420209649e-05,0.00021001630666630277,0.973076923076923,0.0007772043848840087
canonical,timesfm,IID,52,4.40708927685594e-05,5.313514881094199e-05,-3.473133898995728e-05,9.954980366077368e-05,0.9307692307692305,0.00021987574604841385
canonical,timesfm,IVD,52,0.00014412372901408197,0.0001755781983546979,-0.00011106378437240285,0.0003365727500075681,0.8884615384615382,0.0008274368368662318
canonical,timesfm,SI_Ecol,52,0.001009406713820646,0.0012685685305495532,0.0007090388068777342,0.002395318724904172,0.9673076923076921,0.00856789809006911
canonical,timesfm,SI_Econ,52,0.15242635497611376,0.18772028153128947,0.1502240618882524,0.350473887603966,0.9692307692307692,0.6440591518695539
canonical,timesfm,SI_Edu,52,0.14256893486861016,0.16584900634880234,0.12243013376796795,0.2889836404163986,0.8692307692307686,0.6396554360022909
canonical,timesfm,SI_Emp,52,0.23662778583498273,0.29504098144998564,0.11573163748530021,0.5366185022716622,0.875,2.0453518940852233
canonical,timesfm,V_CGM,52,0.0013072904746374908,0.0015840933841886956,0.00019801439112436276,0.0030572122583630494,0.9384615384615382,0.014911435802395538
canonical,timesfm,V_cycle_total,52,0.001365167804330988,0.0016340945050712145,-2.8207004536894118e-05,0.0031990431076084503,0.9596153846153844,0.013264496589209345
canonical,timesfm,V_grad_total,52,5.394703584936324e-06,6.581822554815244e-06,2.87997846689834e-06,1.1973576561712428e-05,0.9499999999999998,4.213182972027705e-05
low_aperture,drift,A_Ecol,52,6.58305733642418e-07,8.432621391377235e-07,-6.58305733642418e-07,1.643027903555625e-06,,
low_aperture,drift,A_Econ,52,7.899640193821618e-05,0.00010057884886949862,7.899640193821618e-05,0.00019445380154717702,,
low_aperture,drift,A_Edu,52,0.0001010648445835222,0.00012824432960327904,0.0001010648445835222,0.0002466248578966979,,
low_aperture,drift,A_Emp,52,6.062552001474961e-05,7.617836034179941e-05,6.062552001474961e-05,0.0001442635334701654,,
low_aperture,drift,GTD,52,0.0009389589735963792,0.0011888275428211586,0.0009389589735963792,0.0022786225088616257,,
low_aperture,drift,IAD,52,0.0009754192169004143,0.0012377021550603927,-0.0009754192169004143,0.002380244597345785,,
low_aperture,drift,IID,52,0.00012868510652036557,0.0001632733482259545,-0.00012868510652036557,0.000314058850687331,,
low_aperture,drift,IVD,52,0.0009422681189448025,0.0011962867804802273,-0.0009422681189448025,0.0023025137539697924,,
low_aperture,drift,SI_Ecol,52,0.0031548230274767303,0.004041535785202243,0.0031548230274767303,0.007875467266347486,,
low_aperture,drift,SI_Econ,52,0.3816333543422259,0.4858986299143996,0.3816333543422259,0.9394105899542976,,
low_aperture,drift,SI_Edu,52,0.7464435202609658,0.9532879399488436,0.5837030751684755,1.812667588389743,,
low_aperture,drift,SI_Emp,52,0.7626997218508463,0.974812493745054,0.46891677420193323,1.8322733937103641,,
low_aperture,drift,V_CGM,52,0.0073769546372525925,0.009223704264752046,-0.0073769546372525925,0.0173357955548222,,
low_aperture,drift,V_cycle_total,52,0.007044117704423146,0.008804164313363094,-0.007044117704423146,0.016536993355491206,,
low_aperture,drift,V_grad_total,52,0.0003328369328294412,0.00041957888973371226,-0.0003328369328294412,0.0007988021993309787,,
low_aperture,last_value,A_Ecol,52,5.658085676469103e-06,6.306708844109063e-06,5.658085676469103e-06,9.841320114828958e-06,,
low_aperture,last_value,A_Econ,52,0.0007272031968019599,0.0008115145083945288,-0.0007272031968019599,0.0012713636507076887,,
low_aperture,last_value,A_Edu,52,0.0005703521374755681,0.0006325593361879712,-0.0005703521374755681,0.0009741332913016481,,
low_aperture,last_value,A_Emp,52,0.00044433893869173503,0.0004951737281260255,-0.00044433893869173503,0.0007738536641779886,,
low_aperture,last_value,GTD,52,0.007956946830029291,0.008875409887217193,-0.007956946830029291,0.013895751679548683,,
low_aperture,last_value,IAD,52,0.008178253464883415,0.009119470109161193,0.008178253464883415,0.014262796642261176,,
low_aperture,last_value,IID,52,0.0016471520800618031,0.0018439929663408292,0.0016471520800618031,0.002914736034007521,,
low_aperture,last_value,IVD,52,0.008090168310029618,0.009023251033918395,0.008090168310029618,0.01412009793507461,,
low_aperture,last_value,SI_Ecol,52,0.027224491196331475,0.0303466674240512,-0.027224491196331475,0.04735964950421289,,
low_aperture,last_value,SI_Econ,52,3.5131346298654793,3.9204444295855936,-3.5131346298654793,6.141985744968803,,
low_aperture,last_value,SI_Edu,52,2.609054356881703,2.8936855473562657,-1.803778613809637,4.458089938809019,,
low_aperture,last_value,SI_Emp,52,1.7180454190885892,1.9118652624994843,0.8375672843596541,2.978680603213145,,
low_aperture,last_value,V_CGM,52,0.01810926712421206,0.019763393435622754,0.018099255226020558,0.02903795243548092,,
low_aperture,last_value,V_cycle_total,52,0.01670299254045688,0.018217013441023597,0.016656414563749476,0.026702574347552466,,
low_aperture,last_value,V_grad_total,52,0.0014428406622710855,0.0015939760797084488,0.0014428406622710855,0.0024297025190336153,,
low_aperture,linear_trend,A_Ecol,52,1.201766343427525e-05,1.2331206750941458e-05,2.4734137227475857e-06,1.6116278163988018e-05,,
low_aperture,linear_trend,A_Econ,52,0.002174280965103562,0.00222077368656557,-0.000650063729807162,0.0028575828116874616,,
low_aperture,linear_trend,A_Edu,52,0.0015599867993799994,0.0016119703226015743,0.0013908708941570667,0.002199301220988707,,
low_aperture,linear_trend,A_Emp,52,0.0016974341074982924,0.0017463828360364357,0.0016974341074982924,0.0023501164677401753,,
low_aperture,linear_trend,GTD,52,0.017091564085876185,0.017543405403156263,0.007702912181535797,0.022947145191967895,,
low_aperture,linear_trend,IAD,52,0.01749680936853943,0.018066884053979396,-0.01749680936853943,0.02477865849920282,,
low_aperture,linear_trend,IID,52,0.004003032687583302,0.004103988671286892,-0.004003032687583302,0.005446564956581339,,
low_aperture,linear_trend,IVD,52,0.016444036348051996,0.01698514028724366,-0.016444036348051996,0.023329014320546945,,
low_aperture,linear_trend,SI_Ecol,52,0.057655455774828744,0.0591602153764521,-0.011967215706555314,0.07732408299217315,,
low_aperture,linear_trend,SI_Econ,52,6.174223358508787,6.3372284326639585,1.1893036120909968,8.313596419637404,,
low_aperture,linear_trend,SI_Edu,52,8.813011807634624,9.133689428510463,8.435457047104856,12.60250753592397,,
low_aperture,linear_trend,SI_Emp,52,11.089359201233894,11.449655896205511,10.660024275893218,15.51779058524854,,
low_aperture,linear_trend,V_CGM,52,0.3716482824045687,0.3807886427726684,-0.3716482824045687,0.5024634968093513,,
low_aperture,linear_trend,V_cycle_total,52,0.36037577722100544,0.3692345228490659,-0.36037577722100544,0.48712094059936756,,
low_aperture,linear_trend,V_grad_total,52,0.01127250518356319,0.01155789264458403,-0.01127250518356319,0.015342556209983666,,
low_aperture,timesfm,A_Ecol,52,1.5101376604414458e-07,1.808071582424754e-07,5.4790410251879284e-08,3.4157394860351085e-07,0.9557692307692304,1.8856165787348377e-06
low_aperture,timesfm,A_Econ,52,5.3917293255334545e-05,6.480479154100613e-05,1.8383983169596737e-05,0.00011472886823926384,0.9269230769230765,0.0005653434433043003
low_aperture,timesfm,A_Edu,52,3.8671825216223686e-05,4.684976238339839e-05,-8.547822078599574e-06,8.507366150934818e-05,0.8019230769230768,0.0002756207751540038
low_aperture,timesfm,A_Emp,52,3.676869038366301e-05,4.686041486881242e-05,1.8459632775105335e-06,9.368828501058374e-05,0.8365384615384612,0.00020823866272201894
low_aperture,timesfm,GTD,52,0.000469970822161508,0.0005969022281972025,-0.00039162736882551735,0.001185608284417611,0.9269230769230765,0.004783063811751513
low_aperture,timesfm,IAD,52,0.0002724167924511088,0.0003711700309208951,-0.00012336570613367883,0.0008186205472472875,0.8961538461538459,0.0021579151614927318
low_aperture,timesfm,IID,52,5.420156817088863e-05,6.202780726147508e-05,-4.884393862110361e-05,0.00010896053615346227,0.9596153846153845,0.000506760122684332
low_aperture,timesfm,IVD,52,0.00021202039824919184,0.000306608593647948,-6.576661703447045e-05,0.0007377467635185442,0.9269230769230765,0.0018774941133765076
low_aperture,timesfm,SI_Ecol,52,0.0007516888577724282,0.0008857256460939723,2.753658668623871e-05,0.001567319253200758,0.9557692307692307,0.008449671818659852
low_aperture,timesfm,SI_Econ,52,0.21808786565936392,0.27531843611791806,-0.0496133641187043,0.544098485798928,0.9384615384615381,1.8992593471820538
low_aperture,timesfm,SI_Edu,52,0.49883816033323775,0.6310776247892963,0.37720414299716354,1.1614705983264266,0.801923076923077,1.51668296960684
low_aperture,timesfm,SI_Emp,52,0.8273326902927693,1.0620169653314853,0.7969987617738041,2.002895248736105,0.8461538461538459,1.8332641748281622
low_aperture,timesfm,V_CGM,52,0.010321158125459418,0.013414334032242218,-0.0023176082897904456,0.027087899397761957,0.8730769230769231,0.08445656325381537
low_aperture,timesfm,V_cycle_total,52,0.009747784991218386,0.012526835640469,-0.0026195626442004696,0.024991836307715752,0.863461538461539,0.08145551337287403
low_aperture,timesfm,V_grad_total,52,0.00014228467105128383,0.0001831811019062375,-5.6875181850246274e-05,0.00038923181439887584,0.9115384615384612,0.0013913233692829428
strong_coupling,drift,A_Ecol,52,3.103785902624789e-07,3.882846580260468e-07,-3.103785902624789e-07,7.302630386560289e-07,,
strong_coupling,drift,A_Econ,52,4.057234110775782e-05,5.049918176273533e-05,-3.763090016956647e-05,9.404318120553461e-05,,
strong_coupling,drift,A_Edu,52,1.8561077080976734e-05,2.2770202068637404e-05,-9.960729199922542e-06,4.121638870477527e-05,,
strong_coupling,drift,A_Emp,52,2.8366666136653595e-05,3.526491491860645e-05,2.51620707964606e-05,6.549551142444588e-05,,
strong_coupling,drift,GTD,52,1.1412156960810655e-05,1.4113063918727121e-05,4.620700832669834e-06,2.5807959751479698e-05,,
strong_coupling,drift,IAD,52,7.48653236236828e-05,9.426133604700545e-05,6.27716228253611e-05,0.00017857828791935577,,
strong_coupling,drift,IID,52,6.504507184265544e-05,8.170330812251142e-05,5.980763107737003e-05,0.00015432578894813336,,
strong_coupling,drift,IVD,52,0.00012040552321870471,0.00015137646413757773,0.00010262904856970373,0.0002862071793442567,,
strong_coupling,drift,SI_Ecol,52,0.001759218509055507,0.0022059095553538456,0.0015026247877943234,0.0041318461356780745,,
strong_coupling,drift,SI_Econ,52,0.1854619382807742,0.23122104321504947,0.17132428333039007,0.4316052056416166,,
strong_coupling,drift,SI_Edu,52,0.08843629972553539,0.10850785173046734,0.04741057682273833,0.1964272728287787,,
strong_coupling,drift,SI_Emp,52,0.22846390451769197,0.2742070582261596,0.07706512783191874,0.4702082793661489,,
strong_coupling,drift,V_CGM,52,5.672134244315477e-05,6.87826345797835e-05,-1.7320315013122582e-05,0.00012161951499067847,,
strong_coupling,drift,V_cycle_total,52,6.461047875749728e-05,7.761262311494959e-05,-6.211762193265277e-05,0.00013614558163454213,,
strong_coupling,drift,V_grad_total,52,4.969992931124788e-05,6.218575225641389e-05,4.4797306919529584e-05,0.00011677675918153287,,
strong_coupling,last_value,A_Ecol,52,7.437504713953152e-07,8.107668449579265e-07,7.437504713953152e-07,1.186385187901916e-06,,
strong_coupling,last_value,A_Econ,52,5.773963987995279e-05,6.229922988508737e-05,3.907569856000376e-05,8.692039788564838e-05,,
strong_coupling,last_value,A_Edu,52,1.923908273673666e-05,2.1432067337442514e-05,-5.670121129209061e-06,3.237026852878086e-05,,
strong_coupling,last_value,A_Emp,52,3.934015380075219e-05,4.268674934582944e-05,-1.2804083461460628e-05,6.034222041847309e-05,,
strong_coupling,last_value,GTD,52,0.00029352049232635863,0.0003309214289132397,-0.00029352049232635863,0.0005327817042881025,,
strong_coupling,last_value,IAD,52,0.0006586956984418499,0.0007498977650129216,0.0006574289827957242,0.0012285016393201653,,
strong_coupling,last_value,IID,52,0.00046152265177496166,0.0005253497947578003,0.00045185272699246756,0.0008602310862822365,,
strong_coupling,last_value,IVD,52,0.0009631085138074434,0.0010962873853512791,0.0009574746873926103,0.0017950023901913575,,
strong_coupling,last_value,SI_Ecol,52,0.003440224927540351,0.003749937333339599,-0.0028537355682164097,0.0054738877039431835,,
strong_coupling,last_value,SI_Econ,52,0.27204990133786244,0.2937893212190098,-0.18258459219094195,0.41086351939643745,,
strong_coupling,last_value,SI_Edu,52,0.09167093153638375,0.1021119900930818,0.027060155446403902,0.15418956450554605,,
strong_coupling,last_value,SI_Emp,52,0.1481925110103868,0.16347192925633325,0.003138146757293277,0.24081447071784723,,
strong_coupling,last_value,V_CGM,52,0.00026092093987312533,0.0002955016915513641,0.00026092093987312533,0.00047976537939431354,,
strong_coupling,last_value,V_cycle_total,52,3.183666583334258e-05,3.3237391905589016e-05,2.9569997289947796e-05,4.058439677591958e-05,,
strong_coupling,last_value,V_grad_total,52,0.0002530467281330176,0.0002871249789963998,0.0002313509425831716,0.00046556006300697893,,
strong_coupling,linear_trend,A_Ecol,52,1.480419867256644e-05,1.5172503034038006e-05,-1.480419867256644e-05,2.0038706835718696e-05,,
strong_coupling,linear_trend,A_Econ,52,0.003478265441221181,0.0035454103790671723,-0.0034779346212493963,0.004558450324199581,,
strong_coupling,linear_trend,A_Edu,52,0.005407895581203647,0.005501558766412026,-0.005374362618750624,0.006990071756108325,,
strong_coupling,linear_trend,A_Emp,52,0.0018044152938557286,0.0018308855925563542,-0.0009070480873494608,0.0022680226821560016,,
strong_coupling,linear_trend,GTD,52,0.00635776210039972,0.006460782850600285,0.006347368372808375,0.008155388729709338,,
strong_coupling,linear_trend,IAD,52,0.004103981374354534,0.00416594953417429,-0.003030055723786647,0.00517737021114125,,
strong_coupling,linear_trend,IID,52,0.0014226641765628305,0.0014519153703814935,4.242764774189537e-06,0.0018303751298289826,,
strong_coupling,linear_trend,IVD,52,0.004608860567894162,0.00468157643539437,-0.0025909024865219035,0.005813520397747742,,
strong_coupling,linear_trend,SI_Ecol,52,0.07203863914450558,0.07383442258708336,0.07203863914450558,0.09750069750346121,,
strong_coupling,linear_trend,SI_Econ,52,6.893969088559157,7.069688820807328,6.892367180803157,9.365679164230492,,
strong_coupling,linear_trend,SI_Edu,52,8.923027872631634,9.117970856784194,8.763400091369238,11.836955382575866,,
strong_coupling,linear_trend,SI_Emp,52,3.599624039060892,3.6940154146628856,3.4954637828375996,4.8539102113907004,,
strong_coupling,linear_trend,V_CGM,52,0.13250130840017824,0.13454027374436245,-0.13241546583738067,0.16905094222558667,,
strong_coupling,linear_trend,V_cycle_total,52,0.1342820052145617,0.13636329387225052,-0.13427991173713325,0.1714687576965645,,
strong_coupling,linear_trend,V_grad_total,52,0.0018647074074867325,0.0019105426948049218,0.0018644458997525387,0.0025222461005002107,,
strong_coupling,timesfm,A_Ecol,52,7.476770783968285e-07,9.227307649469001e-07,-6.670796738561363e-07,1.7239721330979947e-06,0.7999999999999999,2.817874057934835e-06
strong_coupling,timesfm,A_Econ,52,4.391644797140925e-05,5.526996941882961e-05,-2.2842237188386166e-05,0.00010749237973970265,0.940384615384615,0.00027159151191321707
strong_coupling,timesfm,A_Edu,52,4.404495615910595e-05,4.8593230045537395e-05,-3.927424165722922e-05,7.825683666510829e-05,0.9673076923076922,0.00023427821624164407
strong_coupling,timesfm,A_Emp,52,2.4354733953451544e-05,2.9830294880190748e-05,-4.886522027339978e-06,5.628493369559966e-05,0.9249999999999996,0.00024717863147648484
strong_coupling,timesfm,GTD,52,4.120284632793937e-05,4.982059636788827e-05,-2.3530108361918607e-05,9.224902855269698e-05,0.9442307692307692,0.0002892531454563142
strong_coupling,timesfm,IAD,52,3.614443406640881e-05,4.607278592986111e-05,2.445656173669661e-05,9.19867116989001e-05,0.9576923076923077,0.00029862414185817423
strong_coupling,timesfm,IID,52,2.0330959137696644e-05,2.5178106094626304e-05,1.5548798107277547e-05,4.8496321968560155e-05,0.9692307692307691,0.00013973924976128798
strong_coupling,timesfm,IVD,52,5.1909357122130195e-05,6.564798884189078e-05,2.8782590431393847e-05,0.00012907317171841016,0.9423076923076922,0.00044007665262772483
strong_coupling,timesfm,SI_Ecol,52,0.0027505340217693413,0.0037045343331561934,0.0019584277601215495,0.007724189183027837,0.8576923076923075,0.013232641953688397
strong_coupling,timesfm,SI_Econ,52,0.222779469452303,0.28056124599346827,0.2177836805332915,0.5524743814580331,0.8961538461538461,0.7948089159451996
strong_coupling,timesfm,SI_Edu,52,0.201536682920245,0.26028888325162824,0.12255383476180169,0.5399661854266741,0.9365384615384615,0.8687872813298146
strong_coupling,timesfm,SI_Emp,52,0.31950239323357305,0.3889748601479307,-0.03716483457582058,0.6778821157336742,0.9749999999999999,2.080491168682392
strong_coupling,timesfm,V_CGM,52,0.0010149426250478963,0.0012007225536740116,-0.000719007779270603,0.002097085733324532,0.9615384615384615,0.005194043052884251
strong_coupling,timesfm,V_cycle_total,52,0.0011588798683693359,0.0014163474505417824,-0.0008592714745631841,0.0026938414462466718,0.9442307692307691,0.005234628694100908
strong_coupling,timesfm,V_grad_total,52,4.909807428056641e-05,6.226440511380231e-05,4.592107203260472e-05,0.00012465589658468653,0.9192307692307691,0.0002567874410977731
uniform_weights,drift,A_Ecol,52,1.1845894889558067e-07,1.5092570008270854e-07,1.1845894889558067e-07,2.9178439253084924e-07,,
uniform_weights,drift,A_Econ,52,0.00015124308176203504,0.00019102150837117313,-0.00015124308176203504,0.0003648275120583808,,
uniform_weights,drift,A_Edu,52,0.0002531040526089435,0.0003174919004539838,-0.0002531040526089435,0.0005996562683883327,,
uniform_weights,drift,A_Emp,52,4.3216452885277085e-05,5.400083308649678e-05,-3.052412807868971e-05,0.00010118143733505732,,
uniform_weights,drift,GTD,52,0.00019965614236282825,0.0002501235419391705,0.0001926984838784337,0.00047109299420052415,,
uniform_weights,drift,IAD,52,0.0002725485404332157,0.0003416171304821279,-0.0002465824376308162,0.0006436733672561634,,
uniform_weights,drift,IID,52,0.000241373625451673,0.0003024804534116511,-0.00022382680392392482,0.0005698126918942098,,
uniform_weights,drift,IVD,52,0.0003481723334174636,0.00043660742052553837,-0.0003004663913832421,0.0008230733056208913,,
uniform_weights,drift,SI_Ecol,52,0.0008504412805661261,0.0010877316505933459,0.0005401672824403155,0.0020722629855085893,,
uniform_weights,drift,SI_Econ,52,0.3985169292952643,0.51171349067502,0.3985169292952643,0.9993658344591978,,
uniform_weights,drift,SI_Edu,52,0.8374465621530403,1.0617750806740525,0.6833735118922578,2.0192785392946897,,
uniform_weights,drift,SI_Emp,52,0.2087796339165275,0.26087921174176637,-0.14746273376037827,0.48880974803831134,,
uniform_weights,drift,V_CGM,52,0.0042408378334759375,0.0052719810080612516,-0.0042408378334759375,0.009812696901491776,,
uniform_weights,drift,V_cycle_total,52,0.0042166246254399355,0.005242108148699903,-0.0042166246254399355,0.00975795606010749,,
uniform_weights,drift,V_grad_total,52,3.482239352582163e-05,4.365287305195178e-05,-2.421320803600486e-05,8.222445902806783e-05,,
uniform_weights,last_value,A_Ecol,52,5.140600428795257e-07,5.683256687262896e-07,-5.069405493487251e-07,8.640454710442573e-07,,
uniform_weights,last_value,A_Econ,52,0.000697163513831115,0.0007709127155486757,0.000697163513831115,0.0011777299344746192,,
uniform_weights,last_value,A_Edu,52,0.0006582587574636436,0.0007194939002161448,0.0006538822131774287,0.0010605305230352612,,
uniform_weights,last_value,A_Emp,52,0.00010945340667764806,0.0001225934911393633,-7.485163722528891e-05,0.00019100279712956728,,
uniform_weights,last_value,GTD,52,0.00042821994328073843,0.0004711906470138245,-0.0001243680293185901,0.0007002173123378338,,
uniform_weights,last_value,IAD,52,0.0006557092871137328,0.0007287936869740012,-0.00014193210724746424,0.0011116485291798423,,
uniform_weights,last_value,IID,52,0.0005532204464093394,0.0006128060554788356,-3.2380792428481284e-05,0.0009266251811969627,,
uniform_weights,last_value,IVD,52,0.0009227319615615544,0.0010308659566595547,-0.00040823224381354316,0.0015953232758689271,,
uniform_weights,last_value,SI_Ecol,52,0.002331993787833042,0.0025794457744523253,-0.0016932510452865683,0.0039293404532218055,,
uniform_weights,last_value,SI_Econ,52,2.5308252214288633,2.8117311753989047,-2.5308252214288633,4.347446727139191,,
uniform_weights,last_value,SI_Edu,52,2.4123833760273508,2.65508779989264,-2.1897021824472462,3.9860049355278098,,
uniform_weights,last_value,SI_Emp,52,0.5287718137750511,0.5922518506682073,-0.36160990489966516,0.922738711749341,,
uniform_weights,last_value,V_CGM,52,0.007482496124819095,0.008087350445200482,0.007467702257655937,0.011510169483039845,,
uniform_weights,last_value,V_cycle_total,52,0.007597644849403561,0.008216402859011436,0.007597644849403561,0.011722533894153413,,
uniform_weights,last_value,V_grad_total,52,0.00014304972264652668,0.00016185541416552634,-0.00012994259174762575,0.00026029794470513903,,
uniform_weights,linear_trend,A_Ecol,52,1.6279110821675474e-06,1.6771003801343427e-06,4.21658625597712e-07,2.222553490516148e-06,,
uniform_weights,linear_trend,A_Econ,52,0.006491148684346019,0.006640694686209068,-0.006491148684346019,0.00871666167242023,,
uniform_weights,linear_trend,A_Edu,52,0.011369314324317021,0.011639268907869121,-0.011369314324317021,0.015323975965775465,,
uniform_weights,linear_trend,A_Emp,52,0.003938809225877497,0.004015136411128192,-0.003920120412283345,0.005160935606470023,,
uniform_weights,linear_trend,GTD,52,0.009274944395841794,0.009492046744807636,0.009274944395841794,0.012471154530895912,,
uniform_weights,linear_trend,IAD,52,0.01160516680196628,0.011882209767768107,-0.01160516680196628,0.01563825220425377,,
uniform_weights,linear_trend,IID,52,0.010729634945853501,0.010982877455432218,-0.010729634945853501,0.014438622279046832,,
uniform_weights,linear_trend,IVD,52,0.01393795855516049,0.014276229059633163,-0.013935389208090763,0.0188175838302693,,
uniform_weights,linear_trend,SI_Ecol,52,0.00888239042070076,0.009158894387111451,0.003065976003303452,0.012031096056844057,,
uniform_weights,linear_trend,SI_Econ,52,5.605864143026219,5.812235933832601,5.605864143026219,8.117117246660722,,
uniform_weights,linear_trend,SI_Edu,52,8.802026296001795,9.168889584850936,8.631422787250262,12.773209579175472,,
uniform_weights,linear_trend,SI_Emp,52,7.716211839564168,7.847054749837794,6.607225639040686,9.856649246440817,,
uniform_weights,linear_trend,V_CGM,52,0.34488736558226535,0.3521176170420936,-0.34488736558226535,0.45680926732167865,,
uniform_weights,linear_trend,V_cycle_total,52,0.3421185016143694,0.34929489757505877,-0.3421185016143694,0.4531769129470105,,
uniform_weights,linear_trend,V_grad_total,52,0.0027802185393867892,0.0028356923377671644,-0.002768863967895866,0.0036559523457927925,,
uniform_weights,timesfm,A_Ecol,52,5.696924235204274e-07,5.978520960737049e-07,3.706855204332252e-07,8.379198555605717e-07,0.5173076923076922,3.805957161463224e-07
uniform_weights,timesfm,A_Econ,52,0.00010309999472339294,0.0001317244787978345,-9.383173273790861e-05,0.00026672470136551317,0.9692307692307692,0.0005541769393648092
uniform_weights,timesfm,A_Edu,52,0.00017922609090818373,0.00023487535495111185,-0.0001544038328153426,0.0004930131718878653,0.8846153846153844,0.0008597644117589184
uniform_weights,timesfm,A_Emp,52,2.313411996824764e-05,2.6808470599625856e-05,-2.4758293632220027e-06,4.708328891064852e-05,0.9326923076923076,0.00021986718504474702
uniform_weights,timesfm,GTD,52,8.097644444516872e-05,9.865708659442258e-05,5.362251352115281e-05,0.00016988878456157647,0.9538461538461535,0.0008715025507486785
uniform_weights,timesfm,IAD,52,0.00022703455325851022,0.00029935948259810337,-0.000206196916548172,0.0006188181682232398,0.9576923076923075,0.0008138515296965264
uniform_weights,timesfm,IID,52,0.00017551865014674161,0.00021996016265453573,-0.00015960946904007426,0.0004079044547706005,0.9288461538461534,0.0007389244265281232
uniform_weights,timesfm,IVD,52,0.00023509433695883302,0.0003096023031828062,-0.00021416823154724239,0.0006103705671397247,0.9249999999999996,0.000897673718058146
uniform_weights,timesfm,SI_Ecol,52,0.000456076011711204,0.0005705667270124778,0.00021728286872280806,0.0010441318133510653,0.8346153846153844,0.0012833228478064903
uniform_weights,timesfm,SI_Econ,52,0.11473173629010767,0.14405663572802802,0.09921068409843097,0.2738601444147283,0.8653846153846152,0.6032967494084285
uniform_weights,timesfm,SI_Edu,52,0.28875066908410774,0.36354655231577254,0.22668451579823087,0.6627076359142171,0.8942307692307693,0.9649986120370715
uniform_weights,timesfm,SI_Emp,52,0.2642474311341297,0.32717100405344723,0.20143030886095306,0.6148977245126588,0.9557692307692307,1.3714583470271187
uniform_weights,timesfm,V_CGM,52,0.003163513906880663,0.003946440029464298,-0.0011647792557019589,0.008070988872082643,0.9749999999999999,0.02508086063540899
uniform_weights,timesfm,V_cycle_total,52,0.0034091096961421197,0.004284343232716986,-0.0013809142593716175,0.008822694318226347,0.9749999999999998,0.024154530064865516
uniform_weights,timesfm,V_grad_total,52,1.904751660261261e-05,2.2353409509182594e-05,-9.08365760303312e-06,4.07937627332147e-05,0.9346153846153847,0.00013724435120821
weak_coupling,drift,A_Ecol,52,6.415996560344329e-07,8.172841511183545e-07,-6.415996560344329e-07,1.580516371601952e-06,,
weak_coupling,drift,A_Econ,52,0.0001356631687364223,0.00017023919479004765,-0.0001356631687364223,0.00032178693791536,,
weak_coupling,drift,A_Edu,52,0.00028059729926841696,0.0003546759793905234,-0.00028059729926841696,0.0006781330920939239,,
weak_coupling,drift,A_Emp,52,0.00011671320550490398,0.0001462008263943741,-0.00011463988621618964,0.00027538329866593603,,
weak_coupling,drift,GTD,52,0.0003167235017185731,0.0003999825555680174,0.0003167235017185731,0.0007636591283157233,,
weak_coupling,drift,IAD,52,0.00029332960737443265,0.0003720966451870636,-0.00029332960737443265,0.0007153903840528507,,
weak_coupling,drift,IID,52,0.00012426000447448774,0.00015783256546981038,-0.00012426000447448774,0.0003040416610934189,,
weak_coupling,drift,IVD,52,0.00035443215128582253,0.00045015573373062497,-0.00035443215128582253,0.0008670880868878461,,
weak_coupling,drift,SI_Ecol,52,0.00308281344107752,0.003927188060232753,0.00308281344107752,0.007595306985703969,,
weak_coupling,drift,SI_Econ,52,0.28689296550853466,0.3620838976658564,0.28689296550853466,0.690394450491475,,
weak_coupling,drift,SI_Edu,52,0.3472101560691353,0.4451050509298576,0.3472101560691353,0.8691820613861038,,
weak_coupling,drift,SI_Emp,52,0.5638440615017092,0.70629940624539,-0.553827810440213,1.330382769608825,,
weak_coupling,drift,V_CGM,52,0.006273266582923083,0.00786996929843946,-0.006273266582923083,0.014872494733613819,,
weak_coupling,drift,V_cycle_total,52,0.006243577426264831,0.007831775411976287,-0.006243577426264831,0.014797382741534656,,
weak_coupling,drift,V_grad_total,52,2.978599976083108e-05,3.832025751496819e-05,-2.968915665826184e-05,7.515177534126374e-05,,
weak_coupling,last_value,A_Ecol,52,4.454068267962727e-06,4.953326437588525e-06,4.454068267962727e-06,7.684334399301975e-06,,
weak_coupling,last_value,A_Econ,52,0.0006566188626507576,0.0007274459463106557,0.0006566188626507576,0.0011187258464249671,,
weak_coupling,last_value,A_Edu,52,0.0014690115613831259,0.0016279364461680118,0.0014690115613831259,0.0025029739272725174,,
weak_coupling,last_value,A_Emp,52,0.0002787427189105684,0.00030912459418714104,3.2791620174729998e-06,0.00046959034199518275,,
weak_coupling,last_value,GTD,52,0.0017411693476042924,0.0019313305983174615,-0.0017411693476042924,0.0029779642340894866,,
weak_coupling,last_value,IAD,52,0.002309033506754537,0.0025729392474493204,0.002309033506754537,0.004016178914363458,,
weak_coupling,last_value,IID,52,0.0010572142532845146,0.0011789826445330724,0.0010572142532845146,0.0018440933530138582,,
weak_coupling,last_value,IVD,52,0.003055259218652943,0.0034076806195569853,0.003055259218652943,0.005332350767546273,,
weak_coupling,last_value,SI_Ecol,52,0.02146395011820094,0.023870691332174895,-0.02146395011820094,0.03703517221298414,,
weak_coupling,last_value,SI_Econ,52,2.02826043506495,2.258233754063469,-2.02826043506495,3.5189753687330425,,
weak_coupling,last_value,SI_Edu,52,3.842638843084373,4.294216960824065,-3.842638843084373,6.748725209802094,,
weak_coupling,last_value,SI_Emp,52,1.3466122026609664,1.4933877100071569,0.015841703792257522,2.268601265187983,,
weak_coupling,last_value,V_CGM,52,0.02200425457945352,0.024218740648365853,0.02200425457945352,0.036541180107070914,,
weak_coupling,last_value,V_cycle_total,52,0.02152537276934565,0.023682641667017078,0.02152537276934565,0.03569161761412077,,
weak_coupling,last_value,V_grad_total,52,0.00047888181010786616,0.0005366246790641952,0.00047888181010786616,0.0008495624929501441,,
weak_coupling,linear_trend,A_Ecol,52,8.889863950848729e-06,9.158693345881493e-06,-2.6406719714329787e-06,1.2174909569871357e-05,,
weak_coupling,linear_trend,A_Econ,52,0.007236109045730437,0.007397762815597132,-0.007236109045730437,0.009672695289015123,,
weak_coupling,linear_trend,A_Edu,52,0.009157285929732214,0.009388809562224076,-0.009157285929732214,0.012464026019213988,,
weak_coupling,linear_trend,A_Emp,52,0.0063156757667494744,0.006457070007992238,-0.0063156757667494744,0.008442342116972236,,
weak_coupling,linear_trend,GTD,52,0.009766216571377998,0.010020557023938196,0.009766216571377998,0.013349957963615287,,
weak_coupling,linear_trend,IAD,52,0.006571470500701954,0.0067631895964283244,-0.006571470500701954,0.009144454276176016,,
weak_coupling,linear_trend,IID,52,0.0022123684435330537,0.0022846229119917517,-0.0022123684435330537,0.003135011086039025,,
weak_coupling,linear_trend,IVD,52,0.0071120633375206755,0.007329469730870831,-0.0071120633375206755,0.009972000554247283,,
weak_coupling,linear_trend,SI_Ecol,52,0.04268945476075989,0.043981337431984055,0.012607559622857476,0.0584721541597181,,
weak_coupling,linear_trend,SI_Econ,52,5.480690118085554,5.663236547592806,5.480690118085554,7.76172255067008,,
weak_coupling,linear_trend,SI_Edu,52,3.0450634035498725,3.194172959375344,3.0252558733479242,4.622408754206303,,
weak_coupling,linear_trend,SI_Emp,52,12.186962246928827,12.45187425397076,8.441552605644672,15.894522652497189,,
weak_coupling,linear_trend,V_CGM,52,0.3655705181689562,0.3736462704122584,-0.3655705181689562,0.4878521891212599,,
weak_coupling,linear_trend,V_cycle_total,52,0.36551135930535383,0.3735796943874498,-0.36551135930535383,0.4877198681861066,,
weak_coupling,linear_trend,V_grad_total,52,0.00034159165654736235,0.00035403556797374664,-5.915886360228458e-05,0.0004826056274431613,,
weak_coupling,timesfm,A_Ecol,52,1.0417355464206158e-07,1.2123792490511503e-07,-1.4105046626082103e-08,2.123532415903274e-07,0.9153846153846156,1.3207873472800626e-06
weak_coupling,timesfm,A_Econ,52,8.381471317498099e-05,0.00010498322268853084,4.816811996204307e-05,0.00020464568446905158,0.8980769230769236,0.0007840010516632066
weak_coupling,timesfm,A_Edu,52,8.887971926772787e-05,0.0001092256269752907,-4.0595235694466114e-05,0.00021676091394939105,0.9807692307692305,0.0008833010645153427
weak_coupling,timesfm,A_Emp,52,5.9694522989738635e-05,7.131748945148614e-05,4.011757058904046e-05,0.00013205286242793773,0.9019230769230767,0.0005686737919369568
weak_coupling,timesfm,GTD,52,7.204271032953232e-05,8.508573042376924e-05,2.5496656748773594e-05,0.0001484305967329127,0.9634615384615384,0.0009265386141263522
weak_coupling,timesfm,IAD,52,7.485589064178407e-05,9.752081334404819e-05,-4.9425994865507076e-05,0.00019414222231322402,0.9557692307692303,0.0005502505729404781
weak_coupling,timesfm,IID,52,3.743245365878688e-05,4.55795104888755e-05,-3.361703651384547e-05,8.592801405440408e-05,0.9038461538461535,0.0001576232222410349
weak_coupling,timesfm,IVD,52,0.00010941525270962064,0.00014726288127747846,-9.294120703215394e-05,0.0003089715077578809,0.9365384615384612,0.0005814882425161507
weak_coupling,timesfm,SI_Ecol,52,0.0006774985866332901,0.000803174788247753,0.00029022195537339055,0.0013875384935479163,0.9192307692307693,0.004982962975135217
weak_coupling,timesfm,SI_Econ,52,0.0766980036240215,0.08778344867013652,0.03937874520840169,0.14848209801302795,0.9173076923076919,0.4384910876934346
weak_coupling,timesfm,SI_Edu,52,0.04212470026782495,0.05171763223222657,0.03830895650379429,0.09163500247191053,0.9692307692307689,0.20246003957895126
weak_coupling,timesfm,SI_Emp,52,0.40025509649619295,0.49459108106091565,0.2184399603696362,0.9168491191164286,0.9288461538461535,3.3676307898301365
weak_coupling,timesfm,V_CGM,52,0.0033515278498141747,0.0038877115164482226,0.0022435151664133408,0.006931527682437029,0.9096153846153844,0.034508610889315595
weak_coupling,timesfm,V_cycle_total,52,0.003626249331728101,0.0043561323325531425,0.002310635333711755,0.00840108619437418,0.9403846153846148,0.034507596693359885
weak_coupling,timesfm,V_grad_total,52,6.211366958254792e-06,7.699778453658372e-06,-8.338203515987011e-07,1.4361458315043096e-05,0.967307692307692,4.8150437382551345e-05
