scenario,source,mean_preference,mean_rank,best_rank,worst_rank,evaluations,mean_si_level,mean_si_progress,mean_aperture_proximity,mean_lyapunov_relief,mean_displacement_level,mean_certainty
uniform_weights,actual,0.5488086219720422,2.3333333333333335,1.0,4.0,12,0.9269272336928758,0.042306231092615214,0.9246942469077625,0.1329187596930902,0.8394364743156277,
asymmetric,actual,0.5483302481598414,2.6666666666666665,1.0,6.0,12,0.8682882124779582,0.0430791721199002,0.8852637732425707,0.199972136988996,0.849111643092011,
at_astar,actual,0.5495521275165541,2.9166666666666665,1.0,5.0,12,0.8814676472611592,0.043203612098923365,0.8954571386020729,0.19696367929357797,0.8415507733667306,
strong_coupling,actual,0.539020108487611,4.0,1.0,7.0,12,0.9927001248366761,0.0024683879791479414,0.9927002211546796,0.0029778860438025557,0.7931569673528059,
low_aperture,actual,0.5421219715557586,4.583333333333333,2.0,7.0,12,0.8709888773409239,0.04078831388035786,0.8859301989981613,0.18545990569687146,0.8176746354785779,
canonical,actual,0.5378447250201198,4.916666666666667,3.0,6.0,12,0.9442468885249714,0.03633882774640149,0.944638959705574,0.05680039973667675,0.7991284148233376,
weak_coupling,actual,0.5202992146710382,6.583333333333333,5.0,7.0,12,0.8132979672978068,0.039824417785945754,0.8090124397128612,0.19249290523391807,0.7981497237344685,
asymmetric,forecast,0.6151664432720869,3.0,1.0,6.0,12,0.8696456208229065,0.04455493384267572,0.8816869753860507,0.454353577318314,0.8492330217694956,0.8958375144619651
uniform_weights,forecast,0.6169059229600264,3.0,1.0,5.0,12,0.9321313728756375,0.052754320181158,0.9256244381030848,0.33018970819440285,0.8397159319582626,0.9477504508806146
at_astar,forecast,0.6090437707257572,3.3333333333333335,1.0,7.0,12,0.8880830243428548,0.05653923375682112,0.8952336626091265,0.2766955640533641,0.841650518264359,0.9735552304388514
strong_coupling,forecast,0.58787438823596,3.3333333333333335,1.0,6.0,12,0.9967360267639159,0.011534949283575208,0.9920797871383228,0.006045596577022955,0.7931452159512853,0.9650014567531109
low_aperture,forecast,0.6527676866373795,4.166666666666667,1.0,6.0,12,0.8793691574202643,0.056530979578858255,0.8871790032120046,0.6957675620737738,0.8181216242796356,0.9490140205855019
canonical,forecast,0.5787589499601307,4.833333333333333,3.0,7.0,12,0.9483971113628811,0.04537027445364584,0.9412758927099873,0.043843482112099506,0.7992521267289522,0.9375401003683592
weak_coupling,forecast,0.5728829877497573,6.333333333333333,4.0,7.0,12,0.8146961221694946,0.04372040601862868,0.8114906995019826,0.2553134375852361,0.7982042448013824,0.9397738348722884
