si_level,si_progress,smoothness,aperture_proximity,lyapunov_relief,displacement_level,displacement_relief,certainty,preference_score,scenario,origin,horizon,source,rank
0.83301336712734,0.03895565138157821,0.9580582412232179,0.8241400788422141,0.21607133542197549,0.839122385477611,0.0064962024380958066,,0.5308367517017188,uniform_weights,40,5,actual,1.0
0.9899797623832268,0.009051002148468825,0.9241654810854545,0.9899082927424027,0.001624598567479198,0.7924827379268099,-0.0006240894063930428,,0.529512540778207,strong_coupling,40,5,actual,2.0
0.7734717627986001,0.05164182188722137,0.9674515595652036,0.8152983192784028,0.21285894624564414,0.8359953744893818,0.015567686483666892,,0.5246122101068743,at_astar,40,5,actual,3.0
0.7756095610756638,0.05493049692634571,0.962495863291658,0.816721788405524,0.21295909881748162,0.8102414775307908,0.018014281363134575,,0.5215675096300855,low_aperture,40,5,actual,4.0
0.8637255919125825,0.03714306979861789,0.9703766263889116,0.866408843712738,0.09672390796727358,0.798204354469222,0.0034130193574023215,,0.5194279162295354,canonical,40,5,actual,5.0
0.7649458178897752,0.04080958357699629,0.9655689505938863,0.8096702698529266,0.15125164115827963,0.8441269295671545,0.014393306017259924,,0.5129666426651827,asymmetric,40,5,actual,6.0
0.7406445633160003,0.015945690897671342,0.9527263329329987,0.7136335084109838,0.1728437213908423,0.7949051798822876,0.007131429717790174,,0.4854043466497963,weak_coupling,40,5,actual,7.0
0.9915235850016276,0.012937519029397463,0.9258524111917157,0.9893569912263515,0.021139228432352174,0.7925747177250425,-1.4179707696592393e-05,0.963089279995279,0.5870574441117586,strong_coupling,40,5,forecast,1.0
0.8349033864339193,0.04369941639867392,0.9102461021353956,0.8310218750986634,0.21628928029183792,0.8392413423159732,0.006768686179723659,0.9651205107231084,0.580911324947162,uniform_weights,40,5,forecast,2.0
0.773204350789388,0.04828872701740607,0.9241030196634165,0.8151208807699781,0.17376260173557587,0.8359994359642675,0.015950357287390166,0.9797729399013292,0.5707752891410939,at_astar,40,5,forecast,3.0
0.7646757558186849,0.0378457075748122,0.8748969093573671,0.807076040702462,0.16882970585811155,0.8441069014433138,0.01389254414850273,0.9063260249801077,0.5522061987354202,asymmetric,40,5,forecast,4.0
0.8650931599934896,0.03826047573218517,0.8377378589410817,0.8668592420973141,0.02683611320516887,0.798268346079952,0.0041787468820533484,0.9604933212851248,0.5497159080270462,canonical,40,5,forecast,5.0
0.7739921925862631,0.0530559384899027,0.8477442555374938,0.8231648321952982,0.11503100852852167,0.8104709520664857,0.018944132962841614,0.950872968179225,0.549159535068254,low_aperture,40,5,forecast,6.0
0.7390767720540364,0.01350472927282894,0.8881657631149888,0.7161419094439916,0.14461634104767462,0.7949137844980317,0.007296275537426751,0.9668173873536136,0.5338166202903241,weak_coupling,40,5,forecast,7.0
0.8512647089074399,0.06701807602811599,0.9608136980761599,0.8444175374547748,0.33509079340925224,0.8394173543206862,0.00958204201315183,,0.558229172887083,uniform_weights,40,10,actual,1.0
0.796887795678439,0.0871674564758112,0.9701745267359428,0.8311658071805854,0.35048390805405516,0.8369865987543321,0.029063404726234424,,0.5574184996579143,at_astar,40,10,actual,2.0
0.8002900102290792,0.09217128882194486,0.9650796425786902,0.8335237937663865,0.34778378699947177,0.8115425618276114,0.033876407651546044,,0.5548953559821043,low_aperture,40,10,actual,3.0
0.7844275471398913,0.07116614868310095,0.9691572810304391,0.8226462283535343,0.2704621216503657,0.8450091429551543,0.026954052476575008,,0.5414032174698659,asymmetric,40,10,actual,4.0
0.8804699710799678,0.06235900395125413,0.9733571461648629,0.8823711735047615,0.15180078117130633,0.7984259344997228,0.0057589390392544315,,0.5363632784873044,canonical,40,10,actual,5.0
0.9914264361402586,0.010021214955405072,0.9576612429381608,0.9913947890016296,0.0019194783015281868,0.7924817933573287,-0.00025848586836055336,,0.5349494955465642,strong_coupling,40,10,actual,6.0
0.749787957532721,0.0313991902511701,0.9586460617602551,0.7293956583812481,0.2925717424597184,0.7954542971427259,0.013553161858699344,,0.5101154384837912,weak_coupling,40,10,actual,7.0
0.8571832427978515,0.07873246863120428,0.9218404527196499,0.8621399193453586,0.5939938265695854,0.8398113764280295,0.01634593558319811,0.936034021766993,0.6382601554802338,uniform_weights,40,10,forecast,1.0
0.7934935124715169,0.07989159499158148,0.9046820914975537,0.8288269313626562,0.2638441978920738,0.8370466821968946,0.03021326217860583,0.9537857304607579,0.5864730003814551,at_astar,40,10,forecast,2.0
0.9973654276529947,0.02244814423284808,0.8810089741295363,0.9892754821351823,-0.016077175731553827,0.7925659094451164,6.0134349083504715e-05,0.9308381837005696,0.5746856349892222,strong_coupling,40,10,forecast,3.0
0.7970428721110027,0.08656061954730276,0.8098236550481077,0.8430318947378702,0.3171828035232982,0.8119738506351997,0.043324025131909485,0.8816724108650781,0.5738265164499711,low_aperture,40,10,forecast,4.0
0.884332394917806,0.070383719276022,0.865587606223194,0.8844985293038229,0.12185144318330107,0.7986059034709287,0.008650792197867475,0.9156721331390156,0.5686978152139948,canonical,40,10,forecast,5.0
0.7763550834655761,0.05035037845968631,0.8167194274265427,0.8138576604661151,0.4354228973277583,0.8450386490063382,0.029135877192203032,0.7464592193008713,0.5641673990806364,asymmetric,40,10,forecast,6.0
0.7484552866617838,0.030833101804295923,0.9207786726176084,0.7307556755595029,0.3132568790030159,0.7954880228324313,0.014178087844344333,0.9166679855226643,0.5588017139807058,weak_coupling,40,10,forecast,7.0
0.8369821896254421,0.14898857663790693,0.9745216983874752,0.8598187255130926,0.5016127148565307,0.8387164355691152,0.050814610419333155,,0.6016364215726994,at_astar,40,20,actual,1.0
0.8325011770369474,0.13056457535575447,0.9505105856809107,0.8564026187850317,0.4908189293552526,0.8138418048708412,0.059833998056289625,,0.5906390984487182,low_aperture,40,20,actual,2.0
0.8827062122370438,0.11539827829372598,0.9665148283842768,0.877269235301112,0.43435242921976086,0.8396680305199953,0.009601320512062453,,0.589358619209711,uniform_weights,40,20,actual,3.0
0.8199346778510153,0.12808510154906685,0.975368939527011,0.8473980279229809,0.43593114662272625,0.8465567892095303,0.04736650870554395,,0.585805884483982,asymmetric,40,20,actual,4.0
0.9078661113510188,0.10304130686037836,0.9760489889745856,0.9082150813171895,0.19966120595600897,0.7987403638317941,0.008471145177686186,,0.5574348862098087,canonical,40,20,actual,5.0
0.7699330509183646,0.06709302108576892,0.9674188248044954,0.75734160518636,0.4406308337419845,0.7964440232772213,0.024439124067361775,,0.5461857832973652,weak_coupling,40,20,actual,6.0
0.9923678926159707,0.010249382278332036,0.97645796656691,0.9923561675217502,0.0036983694198280863,0.7926061653132065,0.0023914836016132586,,0.5385896324739444,strong_coupling,40,20,actual,7.0
0.7710668938954671,0.01040811602207782,0.8047194735700669,0.8163448045789985,3.5601645145613894,0.8475335426412031,0.07722471849923593,0.45903593804415505,0.9183122502265743,asymmetric,40,20,forecast,1.0
0.9062719510396322,0.16749607438478492,0.9160838156180654,0.8578695674627085,2.0983964325494076,0.8414257164831848,0.05009818230321984,0.727979073831783,0.8207026017090983,uniform_weights,40,20,forecast,2.0
0.831045000076294,0.13337406092981696,0.7628120339112928,0.8475834894597336,2.18443865077698,0.8182898999610526,0.1646108698628923,0.7158266114853827,0.8072475770579306,low_aperture,40,20,forecast,3.0
0.777340544382731,0.0902143409536015,0.8716088086835186,0.7724706391006442,1.1382717650429384,0.7966865192761432,0.029918935897713137,0.7248735827804501,0.6501731420147174,weak_coupling,40,20,forecast,4.0
0.8257406247456869,0.1264021557690337,0.8911942620182809,0.8515860789018258,0.26540369433815353,0.8390039198449872,0.05807815851484596,0.8807332789905198,0.5922677716404168,at_astar,40,20,forecast,5.0
1.0157079073588053,0.06257961989338412,0.8260438304998462,0.9900821271793383,0.03244236410839905,0.7925757096501818,-0.0001866267485292774,0.7986741484707128,0.5647398850515173,strong_coupling,40,20,forecast,6.0
0.9257390314737955,0.14396733065840053,0.8642372643563888,0.8569788196067122,0.11031528609647241,0.7996705988320605,0.025701781181650486,0.632279168261592,0.544861160058384,canonical,40,20,forecast,7.0
0.9933335885334755,0.000157614632090457,0.9912214018358724,0.993346175227409,0.0006525114697486534,0.7926162293359021,0.0010915585321044842,,0.5389170113666575,strong_coupling,50,5,actual,1.0
0.8601178222578651,0.03729481943772356,0.9770478703842639,0.8772693870042472,0.1397266639215886,0.839705722341614,0.012019797415153076,,0.5347402975374936,at_astar,50,5,actual,2.0
0.9010538537805433,0.029401398317771735,0.9694216270180843,0.8994543692509188,0.09721067523361411,0.839932223282814,0.0007716582782136575,,0.5338922578802799,uniform_weights,50,5,actual,3.0
0.8394699355783629,0.03412935496187672,0.978907562171552,0.8616617894563523,0.1282005639493049,0.8474375023580925,0.011228728368100516,,0.5287193481205202,asymmetric,50,5,actual,4.0
0.9245078833956009,0.02487785433677729,0.977251438701639,0.9252878359864755,0.03636931893218132,0.7989507823072469,0.0016092669454701696,,0.5269791972293416,canonical,50,5,actual,5.0
0.8551589250178891,0.02056789505802456,0.9730683143797274,0.8733951049960974,0.13298344208149485,0.8151471700643451,0.014360778236093155,,0.5263830899762388,low_aperture,50,5,actual,6.0
0.7794638829789542,0.021007643971181978,0.9728153130784336,0.7747568313631357,0.120938899376331,0.7969934347600927,0.00583293916302037,,0.49597270638445,weak_coupling,50,5,actual,7.0
0.8606556193033854,0.037756978824004646,0.9274326821022839,0.8776828526674365,0.2846008469079049,0.839737593376446,0.012811718727020879,0.9942393587214956,0.6043647063287473,at_astar,50,5,forecast,1.0
0.9944191741943359,0.0023299796037535713,0.9644904376577474,0.9947650064555125,0.01747656956726986,0.7926108383887438,0.0010301178634996684,0.9929319888444971,0.59500676407192,strong_coupling,50,5,forecast,2.0
0.8668134002685547,0.04018885084467115,0.9233326915039002,0.8736901873088941,0.18636857254957392,0.8151534947654274,0.014993649978835675,0.9924142359381304,0.5891193853947484,low_aperture,50,5,forecast,3.0
0.9251328074137369,0.02647293234579479,0.9391982267741812,0.9259114990950831,0.017931896758972297,0.7989863482333691,0.001998240880959898,0.9868319594519663,0.577807988869258,canonical,50,5,forecast,4.0
0.9026281941731772,0.031548977073851604,0.8483228040400844,0.8983836306743744,0.06193917771449801,0.8399777865633361,0.0016042921407040179,0.9843576344685249,0.5710953121060689,uniform_weights,50,5,forecast,5.0
0.8412400817871094,0.037305064413962585,0.88195145875684,0.8608537867923407,-0.011159526745856956,0.8474505503033695,0.01164900532095366,0.9725146447466294,0.5552256331719185,asymmetric,50,5,forecast,6.0
0.7805551045735677,0.022991597671144462,0.9657862290185829,0.774094903436663,0.08741911662798173,0.7969961601698167,0.005879877579738066,0.9798770652187068,0.5517000067870251,weak_coupling,50,5,forecast,7.0
0.8770765835724458,0.06305894874041897,0.9787709965021445,0.8905176913057166,0.2326790801282458,0.8404534374510779,0.022402292589420583,,0.5578512900413529,at_astar,50,10,actual,1.0
0.8554418085621396,0.05876042915150236,0.9815149654038137,0.8736854982774953,0.22681347998912094,0.8481101149381636,0.020977895525820005,,0.5521863131211507,asymmetric,50,10,actual,2.0
0.914147715566648,0.049005768172156225,0.9722888296771258,0.9127805671505456,0.1492859999930851,0.8399188564834897,1.9465013487648025e-05,,0.548206743150934,uniform_weights,50,10,actual,3.0
0.8647123438448157,0.03522114115259001,0.9757402274468313,0.8805728615128184,0.21930632741824377,0.8161541132516503,0.026867774071892656,,0.5455106840998345,low_aperture,50,10,actual,4.0
0.9933093490916829,5.982121941528362e-05,0.9932541499789003,0.9933194123938115,0.0017823122279479941,0.7927305763130384,0.002649284667326044,,0.539586415127446,strong_coupling,50,10,actual,5.0
0.9352622516220699,0.04070745395431786,0.9787371845785707,0.9356185601970429,0.056425924148803965,0.7990550409132192,0.0027279160406138542,,0.5355049044935197,canonical,50,10,actual,6.0
0.7900781443040085,0.03802095907779389,0.9759651003032875,0.7875143001957853,0.20929202318983625,0.797436215368934,0.011035528512792603,,0.515620324421777,weak_coupling,50,10,actual,7.0
0.885281862894694,0.06789601433750975,0.9268445462444376,0.8813738591455407,0.9429103556253366,0.816254319680209,0.02823090104853416,0.9781870490548628,0.6908723635038906,low_aperture,50,10,forecast,1.0
0.8776178944905599,0.06330916896886152,0.8839522658223153,0.890947697018369,0.4770263516842437,0.8405795706114287,0.025042061570431158,0.9849348553162435,0.6304262331853066,at_astar,50,10,forecast,2.0
0.8600015385945637,0.06731602531077244,0.8920386746096922,0.873735342046425,0.21315682383872908,0.848146627464995,0.0209725787318889,0.9341739678859651,0.588692697310379,asymmetric,50,10,forecast,3.0
0.9163912938435872,0.05198306419136472,0.8352043865562417,0.9149303713056482,0.15385513826071143,0.8401090350626366,0.0034246262843802343,0.9702868700122149,0.5857730981895981,uniform_weights,50,10,forecast,4.0
0.9374434178670248,0.045492750121944994,0.9019514630166491,0.9369526787946615,0.08356076586286323,0.7991102409977806,0.0033214701507908733,0.9659003584434939,0.5842166431569011,canonical,50,10,forecast,5.0
0.9962093887329101,0.00581265409648367,0.9334762057231847,0.9943507451773832,-0.03659130685332951,0.7927160133491326,0.0023464725324021532,0.9848992985860056,0.5841524339180215,strong_coupling,50,10,forecast,6.0
0.7915646260579428,0.03967308231741171,0.9466459024533369,0.7874653875201889,0.17066936279220088,0.7974739260197289,0.011745610407414979,0.9583974367694154,0.562954416792205,weak_coupling,50,10,forecast,7.0
0.882457178203867,0.09899850850621845,0.9551832852069932,0.8948034507652532,0.35540355871646584,0.849285896228087,0.03677698240407285,,0.5818441228615654,asymmetric,50,20,actual,1.0
0.8997249256469176,0.08863188017881483,0.9503427172340428,0.9087908480920228,0.3350857301362514,0.8417554272553355,0.03912823831392907,,0.5804942524081876,at_astar,50,20,actual,2.0
0.8812931084797454,0.06093631968747516,0.9798382840404339,0.8931314586115574,0.3115524263171713,0.8179194315098127,0.04717181369678401,,0.5702632631918542,low_aperture,50,20,actual,3.0
0.9353646549293567,0.08032321863471793,0.9774512510294476,0.93396435674712,0.19052956816062017,0.8397544461598851,-0.003821222023562557,,0.5647951819482264,uniform_weights,50,20,actual,4.0
0.9519626122291653,0.06458152485886842,0.9819754985639789,0.95174653259209,0.07313542594666919,0.7992112672931805,0.004233489842076126,,0.5466923359037184,canonical,50,20,actual,5.0
0.8108848723709374,0.07283322447560309,0.980728883044513,0.8102825825728652,0.323565723146463,0.7982273418912433,0.01974588538615902,,0.5451812161268264,weak_coupling,50,20,actual,6.0
0.9932039229448896,-0.0001346702332705263,0.9959096601507713,0.9932142246485473,0.004743551016448046,0.793008065999807,0.00640403009248447,,0.5409069692313825,strong_coupling,50,20,actual,7.0
0.9207968940734864,0.1281038432830934,0.9078949241867522,0.893923666971522,4.305120848738245,0.8178294388577011,0.040450810770659,0.9272320054063888,1.1176690540359808,low_aperture,50,20,forecast,1.0
0.91000519434611,0.11795237609505506,0.87141747319407,0.9119909752856818,1.5373375059776244,0.8422389524009648,0.04852552047830277,0.9498936476153845,0.7736702056741491,at_astar,50,20,forecast,2.0
0.9428682339986166,0.09704770211725446,0.8032490907128613,0.9368035640439049,0.6608155673613213,0.8403975465258967,0.009458428931315016,0.9045894887315168,0.6494037028028359,uniform_weights,50,20,forecast,3.0
0.816181640625,0.08479057923174552,0.9256837357618944,0.8191650768350823,0.49151046903018036,0.7983796936699329,0.022240286954221995,0.8686653930461299,0.6033271093942734,weak_coupling,50,20,forecast,4.0
0.8980910491943359,0.13352234278852848,0.8968444084642265,0.8921497440523494,0.25945977188003283,0.8494415304390931,0.04190333149406832,0.8086011644022557,0.5975016678393613,asymmetric,50,20,forecast,5.0
1.0069285621643067,0.03210134784241461,0.9253008419220469,0.9897483097627671,0.042819498253488845,0.7929273057134468,0.004915694188400014,0.9451104653462885,0.5924815031491449,strong_coupling,50,20,forecast,6.0
0.9619164237976073,0.08756140534791072,0.9061743869174924,0.952995396758794,0.06930747910276952,0.7994009015094081,0.008049457135781394,0.87634778475694,0.5827191544158379,canonical,50,20,forecast,7.0
0.9931404838311616,-0.0001334794733772071,0.9977196719009345,0.9931492316357989,0.0014212475769048427,0.7931294132706643,0.0018230117418799319,,0.5400356543548523,strong_coupling,60,5,actual,1.0
0.8997546903112343,0.0269321410068153,0.9864149429927778,0.9088722018691691,0.09586138609123977,0.8499555715767256,0.008639725614340206,,0.5394900942089003,asymmetric,60,5,actual,2.0
0.9483217980643346,0.01915596800773784,0.9803904046661237,0.9479055815771139,0.032156894195537356,0.8397244203340861,-0.001674691039558459,,0.537997196543625,uniform_weights,60,5,actual,3.0
0.9625026564847312,0.014682599479684769,0.9836312053758203,0.9623660223249261,0.011538279814133981,0.7993089374175337,0.0008288277927476026,,0.5335512183842254,canonical,60,5,actual,4.0
0.9182693026332639,0.016638164565440407,0.91849061214182,0.9244136242979707,0.08050583945519765,0.8424996145009621,0.009174557881420867,,0.5299988164965822,at_astar,60,5,actual,5.0
0.8908378698543696,0.015554972422838773,0.9822664290036619,0.900611783100007,0.07185449232952686,0.8189251044191368,0.011167307084112546,,0.5273168511733791,low_aperture,60,5,actual,6.0
0.8216502472383601,0.020684435336385434,0.9835927529299772,0.8240341004776703,0.0827575163155299,0.798669479105229,0.004672640029708337,,0.50515159591898,weak_coupling,60,5,actual,7.0
0.8996427561442057,0.026882820369653473,0.9465254157730164,0.9087807037220211,0.09995077214331273,0.8499587076585526,0.008686326322585505,0.9964560527108256,0.5921104443555216,asymmetric,60,5,forecast,1.0
0.993181157430013,-0.00011417400074932971,0.9517335190036411,0.9930526353927973,0.00017553371991683582,0.7931315035429088,0.0018122902263552742,0.9974757150964001,0.5913060225514104,strong_coupling,60,5,forecast,2.0
0.9224615325927735,0.02650863426996267,0.9350034201217294,0.9247618381463992,0.06609257384569367,0.842492339005629,0.009297798402575715,0.9979182351731342,0.5905670464447372,at_astar,60,5,forecast,3.0
0.948588857014974,0.019568433562489246,0.9473288597502802,0.948627300401223,0.00042077616375253777,0.8397272599937166,-0.0016707586187858364,0.9940013797632684,0.5870740135038648,uniform_weights,60,5,forecast,4.0
0.963235371907552,0.015923704939805675,0.9409700147808281,0.9627706757481683,0.0030911163258666168,0.7993013774507545,0.0008445154087826692,0.9942456785949506,0.5850478068945886,canonical,60,5,forecast,5.0
0.8917628784179688,0.017750583721388154,0.9662474249603761,0.9013108978505652,0.043344795528511365,0.8189271698948549,0.011269751061355813,0.9964437354713865,0.580882154613301,low_aperture,60,5,forecast,6.0
0.8211927642822267,0.019094608712127155,0.8385847006461162,0.823954712972871,0.05636523152937608,0.7986897884552153,0.004795915684200633,0.9921652506760131,0.5443553716197683,weak_coupling,60,5,forecast,7.0
0.9094725478455947,0.03712874062923603,0.9232101409508024,0.9169675794052179,0.16631184765809878,0.8504649421433466,0.01613762018860476,,0.5456704884029858,asymmetric,60,10,actual,1.0
0.9565815942920659,0.03129828512800529,0.9825671666863616,0.9561547738976947,0.048481120761148654,0.8395901001888407,-0.0038407617975303966,,0.5444046113080838,uniform_weights,60,10,actual,2.0
0.9223732677213894,0.02043328436654221,0.9282355227727669,0.9278296348037055,0.13346000005463335,0.8430614572777329,0.01710923173992653,,0.5417860569623852,at_astar,60,10,actual,3.0
0.9930984967980966,-0.00017714132320094224,0.9984112964504861,0.9931090591786763,0.002966526064178764,0.7932857500211742,0.0037647192381127462,,0.5406369580610748,strong_coupling,60,10,actual,4.0
0.8978738731146749,0.026195269592263485,0.9838210723183182,0.906053456100254,0.11815914761274987,0.8196924029885786,0.020864625673583822,,0.538951406771489,low_aperture,60,10,actual,5.0
0.968662972836261,0.02359267952445137,0.9852419393877974,0.9684402780293543,0.01770873344818383,0.7993675547739505,0.0015096921147986187,,0.537789121444971,canonical,60,10,actual,6.0
0.8316916004378669,0.03647234360281757,0.9853508746916146,0.8344065952717092,0.14452073750112426,0.7990200397059216,0.008807552874237998,,0.5200385348693274,weak_coupling,60,10,actual,7.0
0.9123386052449544,0.04664201972403717,0.9524090372237631,0.916946905936288,0.1618022656752432,0.8504903322456708,0.016831704466912442,0.9933059519768922,0.6063458528117202,asymmetric,60,10,forecast,1.0
0.9352182998657227,0.04642390560514059,0.9212675699540059,0.928365726232594,0.12168805129970903,0.8430631617480743,0.017115274543292824,0.9959353348102107,0.6011346655073437,at_astar,60,10,forecast,2.0
0.9933715387980143,0.000362629249033688,0.9352312697501445,0.9929533738117043,0.0012879082886054403,0.7932763472659623,0.0035615283868400383,0.9947094101377668,0.5893442507110089,strong_coupling,60,10,forecast,3.0
0.956565948486328,0.03118241502136513,0.9158252922393253,0.9578262108683416,0.01759064427031003,0.8396384024734693,-0.002838290689527708,0.9858667445778377,0.5877071709059312,uniform_weights,60,10,forecast,4.0
0.9699779001871746,0.025589588321967085,0.9432962749169748,0.9697141121614924,0.0030105573167232974,0.7993746375989339,0.0016902282675264173,0.9874422372130132,0.5875119419979757,canonical,60,10,forecast,5.0
0.9004701232910156,0.031107457975402895,0.9482256007480355,0.9072164156850275,0.040939050674053824,0.8197305552669713,0.021768624675319204,0.9921744960451446,0.5827040405451213,low_aperture,60,10,forecast,6.0
0.8306776504516601,0.035040780790577625,0.8499741554171354,0.8344171662865312,0.12089075302793004,0.7990522071301732,0.009283522655049526,0.982655077454785,0.5577489141517302,weak_coupling,60,10,forecast,7.0
0.9131225886674881,0.032632970356802814,0.9581462708153671,0.9197942781061191,0.2526479256016109,0.85135575774895,0.028322433938243213,,0.5651460321763688,asymmetric,60,20,actual,1.0
0.9228462665395916,0.016176161671358217,0.9602887990378312,0.9277644921984259,0.18874771678620847,0.8440418025274247,0.029963224166609684,,0.5556897804182072,at_astar,60,20,actual,2.0
0.9067852409593649,0.03484672466380701,0.9741615165836843,0.912760380177533,0.16498170182528013,0.8210360894597997,0.0366343128888651,,0.5501722809369048,low_aperture,60,20,actual,3.0
0.9668959782974498,0.042785464820350685,0.978231849356866,0.9665609735025077,0.05952417184662617,0.8392889832210662,-0.00854646430157087,,0.5492487081061851,uniform_weights,60,20,actual,4.0
0.8504803975232279,0.06709476706605073,0.9880900272220293,0.8529745284994809,0.225570642196086,0.7996420383299417,0.015664076682721247,,0.5427880682170768,weak_coupling,60,20,actual,5.0
0.977507832546312,0.03518772071818347,0.9836040066196762,0.9772253729032344,0.022767896671244462,0.7994743362680059,0.0027920675462497907,,0.5426513190389866,canonical,60,20,actual,6.0
0.9931061409207771,-7.692725672441724e-05,0.9987961566934969,0.9931197436643682,0.0060916139288857765,0.793606228320902,0.007691625661669791,,0.5417620831333393,strong_coupling,60,20,actual,7.0
0.9356015129089356,0.08416773502216003,0.9385168891292751,0.9202386421584937,0.2814306537456071,0.85146757489898,0.031200594133099734,0.9797370240781709,0.6277950782593402,asymmetric,60,20,forecast,1.0
0.9586741612752279,0.08436766933805075,0.9270925404414172,0.9287115173242964,0.1891824396220422,0.844128645616612,0.03260760505586,0.9866139307175883,0.6189223136738868,at_astar,60,20,forecast,2.0
0.917507214864095,0.06042942520630575,0.9415321623190952,0.914580424759714,0.15499945442383956,0.8212493243309512,0.041102385463660664,0.9759520279706667,0.603419052417291,low_aperture,60,20,forecast,3.0
0.9710535837809244,0.05455537458218316,0.8683555578456884,0.9665875294326828,0.13425032426985684,0.8394908698747368,-0.0042326403148314675,0.9473099031260154,0.597171312824657,uniform_weights,60,20,forecast,4.0
0.9814955126444498,0.043939409624592966,0.920880681873625,0.9793753844436134,0.03784891085406477,0.7994943097403365,0.003409566609679576,0.9557956067050273,0.5902799228119237,canonical,60,20,forecast,5.0
0.9935324325561524,0.000636168474294152,0.9440163315542385,0.991861990236325,0.000981749422578101,0.793517228943435,0.005694330952284195,0.9797895009712638,0.5887537166388215,strong_coupling,60,20,forecast,6.0
0.8522468401590984,0.07457639226111809,0.840212907954276,0.85532034052765,0.25978659927911785,0.7997329162643063,0.017442061880757462,0.9344512601134963,0.5792211648049777,weak_coupling,60,20,forecast,7.0
0.9746732207570582,0.006256499930207866,0.9870873274713569,0.9745737425077063,0.008174990811207592,0.8391468105112497,-0.0023484225432577337,,0.5410805956350756,uniform_weights,70,5,actual,1.0
0.9930677135415766,4.751105966391833e-05,0.999049650000445,0.9930833114964196,0.001577248270298639,0.7937653492278555,0.0019798474738776657,,0.5403672330100197,strong_coupling,70,5,actual,2.0
0.983798531796116,0.007819080912221353,0.989676688514412,0.983579779865402,0.0033374197579636275,0.7995298464977347,0.000633845235074385,,0.5383393132255606,canonical,70,5,actual,3.0
0.9177490685090076,-0.00293725499917997,0.9875087167894507,0.9237271994567147,0.06078434212498896,0.8518620708753157,0.006621146968985406,,0.5350450413893262,asymmetric,70,5,actual,4.0
0.9242772566172743,-0.0026941168887594812,0.986901708449924,0.9288725523674446,0.039361682674612604,0.8446000792573601,0.006996413456713315,,0.5326165108477957,at_astar,70,5,actual,5.0
0.9152884857582942,0.006413029899637195,0.9194011686472446,0.9196031579628469,0.033113773985506176,0.8218002115418985,0.008607875298184284,,0.5177468147276588,low_aperture,70,5,actual,6.0
0.8605730788305488,0.018284370553401316,0.9897010733076631,0.8639607625072082,0.0541025375736981,0.7999914426455362,0.0036797942374683854,,0.5128990085222177,weak_coupling,70,5,actual,7.0
0.9928773956298828,-0.00024391995415570022,0.9826837771307901,0.9931812318304796,0.00156270194307237,0.7937567267481456,0.0018581916220784221,0.9992185553126757,0.5956118325328711,strong_coupling,70,5,forecast,1.0
0.9776684773763021,0.011680550294706223,0.9525866002133463,0.9749685666746656,-0.0007617396039813403,0.8391395735569998,-0.0023591782280124904,0.993922793805997,0.5933557055112528,uniform_weights,70,5,forecast,2.0
0.9842293904622396,0.008682523954241218,0.932361491148617,0.9841284688921078,0.006828161952216124,0.7995289014001745,0.0007076141181217135,0.9978091352642129,0.5892844608989913,canonical,70,5,forecast,3.0
0.9202622477213542,0.0022725235822977654,0.9491330140183719,0.924008392955873,0.05587754585768609,0.8518681404851464,0.006735532211427195,0.9943955916404941,0.5880691235590814,asymmetric,70,5,forecast,4.0
0.9268709411621094,0.002885857098076059,0.9440182201867313,0.9293174373874384,0.02444526043413024,0.8446139871516853,0.00715284429961278,0.9952082710279994,0.5843141023434729,at_astar,70,5,forecast,5.0
0.9164577941894531,0.00980217035780541,0.9213048945259721,0.9198734864851997,0.025872250458574195,0.8217860416485149,0.008357316344577191,0.9976276564359111,0.577635201305751,low_aperture,70,5,forecast,6.0
0.8612364349365234,0.019108156567104972,0.9580321670007244,0.863809601802655,0.053090327435371586,0.7999882205075012,0.0037189887613775312,0.996487307830947,0.5694339006052755,weak_coupling,70,5,forecast,7.0
0.9772103623028336,0.010281694853543542,0.9884059404559343,0.9771961747535483,0.01160570885814813,0.838988082165606,-0.004687698171983168,,0.5427143236025187,uniform_weights,70,10,actual,1.0
0.9167726294893812,-0.004125553887354556,0.9884709258111206,0.9226384581946585,0.10355919980509104,0.8522484414727516,0.012384672897010519,,0.5417069676832369,asymmetric,70,10,actual,2.0
0.9931137850434579,0.00013838698729429666,0.9991065227208845,0.9931304283799633,0.0031343861027760974,0.7939269656643593,0.003941745990519306,,0.5409274601270365,strong_coupling,70,10,actual,3.0
0.9863526922563632,0.010369598336889538,0.9808052757732537,0.986171312824998,0.005150369748089132,0.7995811462941445,0.0012843143506993456,,0.5385306727977767,canonical,70,10,actual,4.0
0.9233192653577936,-0.003931278357149495,0.9880927699411467,0.9276993587397849,0.06380284434078158,0.8450244304000013,0.013077742554686387,,0.5367264475681492,at_astar,70,10,actual,5.0
0.9156966088040545,0.006072150752331425,0.9616831541606822,0.9195673387331287,0.053096376841440175,0.8223841884590701,0.016105727184180064,,0.5278007921335554,low_aperture,70,10,actual,6.0
0.8692691946085886,0.031814941565979776,0.9907498627299071,0.8723876487976646,0.09474210334241533,0.8002650061003487,0.006917449611693112,,0.5237351723937996,weak_coupling,70,10,actual,7.0
0.9823082733154297,0.018133322647136792,0.9621254963586854,0.9773755923516015,0.012045905815883029,0.8389885931448244,-0.004661825473311569,0.9905813793238875,0.5971120921855171,uniform_weights,70,10,forecast,1.0
0.992882573445638,-0.00017880731038403042,0.9799720749229444,0.9931791400599846,0.002981397823680824,0.7939103043713615,0.0037609953629032327,0.9986865581321867,0.5956492796010393,strong_coupling,70,10,forecast,2.0
0.923082280476888,0.007781845006993962,0.9299013675402661,0.9232357721235603,0.09968615717226648,0.8522781684639978,0.013039798931001257,0.988182614758479,0.5921485005591817,asymmetric,70,10,forecast,3.0
0.9877831090291341,0.013545754341611059,0.9254939434629058,0.9871258677018837,0.01124382439154159,0.7995811336255396,0.0012020904301945903,0.995317791962206,0.5901616893681271,canonical,70,10,forecast,4.0
0.9213020782470703,0.01793213794135582,0.920196341128084,0.9201391065389185,0.030848039536123695,0.8223619204742603,0.015726900155161826,0.9951671055147578,0.5804592036919666,low_aperture,70,10,forecast,5.0
0.9306765670776368,0.010405150989135166,0.9336729196897657,0.92837182982567,-0.014257503678843002,0.8450531544937065,0.013617817083857191,0.9897386746952038,0.5796598262720165,at_astar,70,10,forecast,6.0
0.8703802337646485,0.03351069020425768,0.9455987230608064,0.8723157289422762,0.08548519383142837,0.8002694019404726,0.007105562872498564,0.990778865607466,0.5756805500279818,weak_coupling,70,10,forecast,7.0
0.9159100596877415,-0.004630104096278842,0.9900872227958404,0.9213002972504257,0.1524384305006591,0.8529265580308605,0.021819313175838444,,0.5499788253350124,asymmetric,70,20,actual,1.0
0.9818933380523961,0.017794469543471223,0.9906349459842391,0.9819135719078942,0.01254142840610636,0.8386859991222021,-0.008888641178854035,,0.544939301691065,uniform_weights,70,20,actual,2.0
0.9932539261955392,0.00041794075567850084,0.9993051000858119,0.9932718179653789,0.0061227895796063785,0.7942443334826228,0.0077330324210121764,,0.5420498486408072,strong_coupling,70,20,actual,3.0
0.922265328684889,-0.0049623735282483495,0.9899967355235416,0.9260452224434759,0.08523902486918612,0.845768900576429,0.023031787497784176,,0.5410549465810083,at_astar,70,20,actual,4.0
0.9883435547894683,0.011704040225173457,0.9883788237754004,0.9882367232086752,0.0069855332782626164,0.7996914133142966,0.0027676689855452886,,0.5408725367966889,canonical,70,20,actual,5.0
0.8851186175141043,0.05724242554752493,0.992283631753469,0.887461154890223,0.14837838257298808,0.8007481866041399,0.012256266486913336,,0.5404983807670518,weak_coupling,70,20,actual,6.0
0.915819323916187,0.005985902231281699,0.9781607951203838,0.9188186458267513,0.06890936477883838,0.8234110698193988,0.02841047948811982,,0.5342165115972801,low_aperture,70,20,actual,7.0
0.9333896446228027,0.030164627837126402,0.9335184045050164,0.9230159090976816,0.1276213465054875,0.8530155361832872,0.023792339077125867,0.9708619790187355,0.5994224733559079,asymmetric,70,20,forecast,1.0
0.9928331782023112,-0.00025176975341778985,0.9803314259643461,0.9931504123920467,0.004348689949795303,0.7941799862719459,0.00644483256756884,0.9945943764436852,0.5957038915047852,strong_coupling,70,20,forecast,2.0
0.9943868166605632,0.024623698779273867,0.9318870379150258,0.9880000379161954,0.034296230295234195,0.7997028218081882,0.0031805897510662293,0.9823460293427688,0.5948029078085395,canonical,70,20,forecast,3.0
0.9891450322469076,0.027424043268881492,0.9420831947960193,0.9809591295778438,0.013441164669651283,0.8386436810763473,-0.010215173239099023,0.9729556104362277,0.5943045853540975,uniform_weights,70,20,forecast,4.0
0.8874455680847169,0.061306812437330646,0.9407884085803175,0.8879772515957348,0.1423992123756173,0.8007802968528365,0.012916584204506814,0.9654494060937726,0.5873829425281041,weak_coupling,70,20,forecast,5.0
0.9299575780232747,0.032170652311744305,0.919274164545406,0.9202597774057707,0.00215491452222761,0.8234325237739994,0.029897689273271317,0.9845979446590887,0.5802181555643479,low_aperture,70,20,forecast,6.0
0.9423775939941406,0.03427858611554569,0.9280397256588294,0.927120186387174,-0.06877925141793886,0.8458487767616109,0.02482657959597317,0.9738885078363496,0.5759500881164605,at_astar,70,20,forecast,7.0
