time (steps),Gov,Info,Infer,Int,A_Econ,SI_Econ,GM,ICu,IInter,ICo,A_Emp,SI_Emp,GMT,ICV,IIA,ICI,A_Edu,SI_Edu,V_CGM,V_grad_total,V_cycle_total,V_grad_Econ,V_cycle_Econ,V_grad_Emp,V_cycle_Emp,V_grad_Edu,V_cycle_Edu,E_gov,E_info,E_inf,E_intel,A_Ecol,SI_Ecol,GTD,IVD,IAD,IID,V_grad_Ecol,V_cycle_Ecol
0.0,0.85,0.8,0.82,0.78,0.005000000000000006,24.155119731276212,0.3,0.25,0.23,0.22,0.008000000000000002,38.648191570041895,0.85,0.8,0.82,0.78,0.004000000000000001,19.324095785020948,3.13759880607604,0.32548702876418056,2.812111777311859,0.0,1.0091570673331254,0.0,0.451886916445149,0.0,1.3510677935335849,0.5095254262612003,0.2359197009222147,0.26076558132637456,0.02483860974421575,0.020699545502670287,99.99999999999996,0.16046274632449353,0.38879484227329153,0.37023137316224686,0.5805110382399682,0.0,9.860761315262643e-32
1.0,0.852377847035041,0.8010704072414867,0.8211889235175205,0.7800602315690277,0.0055771559083239,26.943373745111632,0.32043152819055865,0.24729013125568416,0.23373929124182075,0.19853904931193642,0.004738645611718013,22.89251042302701,0.7981436696015737,0.7766564498231315,0.7920941752719427,0.7786614164556328,0.030997913686279865,66.77722156453453,2.341927194819257,0.3135994127353616,2.028327782083895,0.0,0.8599279826958708,0.0,1.086869271964708,0.0,0.08153051429030926,0.5093250066710957,0.23574732192652884,0.2606070392986779,0.024681712000822382,0.020702900507064918,99.98379452003118,0.1507804279335513,0.3804671717133923,0.3625721698393415,0.5729312706855004,0.0,1.3133007289111797e-08
2.0,0.849192086695426,0.8009917551209276,0.8208652460590671,0.7801146711513623,0.006959979622668179,33.62382822255846,0.337782151075318,0.2453790724678357,0.23735659242581902,0.17948218403102723,0.003746741790100361,18.100599308410054,0.7493462843501502,0.7523906274800072,0.7637083854369109,0.7771688537652912,0.021240581297498475,97.45282020651707,2.356783236596955,0.30174558664958423,2.0550376499473706,0.0,0.5939793669093412,0.0,1.4607252849935215,0.0,0.0003328669684203383,0.5090860475112188,0.23556616272478317,0.26043390715396325,0.024540299685911357,0.020710146548906367,99.94881230699622,0.13923625369812498,0.37171532729621504,0.3542081144695124,0.566099607889195,0.0,1.3107608771579904e-07
3.0,0.8411913384763052,0.7997194209315118,0.8190200887674733,0.7801598487739738,0.009573446915632776,46.24955129762527,0.3522031203318003,0.2442040531580453,0.24088865590413786,0.16270417060601658,0.0034781527846042912,16.80303939115766,0.7085676527847332,0.7297851447700102,0.737643796927424,0.7756697313195383,0.005262087296403946,25.421269736212935,3.116705434887784,0.2908800755040367,2.8258253593837472,0.0,0.29731181172310006,0.0,1.5906330291407331,0.0,0.9378801270709796,0.5088489796838438,0.23539330195042207,0.26026570483913336,0.024414501936124558,0.02071786887955644,99.91155761727869,0.12778345018877313,0.36336438189314724,0.34608222036192515,0.5600222884731444,0.0,3.914489343196561e-07
4.0,0.8294850719075948,0.7972992247172916,0.8157542589075538,0.7801910499635478,0.014562015483266603,70.34944550540047,0.36395299117147967,0.24368988089663682,0.24436715888348992,0.14798996904839354,0.003525172804890797,17.03019423511518,0.6756674185127594,0.709223021984856,0.7142525591714524,0.7741936410595762,0.003277993824545156,15.836066662054433,3.6078010944561476,0.28107925526740063,3.326721839188747,0.0,0.06184478653476344,0.0,1.5667726626762313,0.0,1.6981036185217475,0.508622273914587,0.23523117972042018,0.2601057762546732,0.024303006658879127,0.0207252732134388,99.87586310441573,0.11683124018843816,0.35553221813955294,0.3383560321497454,0.5546359249304741,0.0,7.714560047325232e-07
5.0,0.8148832186388816,0.7937142835554951,0.81109458358143,0.7801992572604243,0.02532428693348763,81.73792042807014,0.3733259972905353,0.24375440345225385,0.2478081278224119,0.13511147143479899,0.003746252188706371,18.098234032351566,0.6474828295556327,0.6896885702295623,0.6923400563970251,0.7726920048460061,0.0027990877687313117,13.522460038411104,3.754831063475889,0.27191259249588673,3.482918470980002,0.0,0.020331794694231367,0.0,1.4609486592560867,0.0,2.001636687549105,0.5083917262675561,0.23507210460771835,0.2599461744158155,0.024203842543154212,0.020733326381335657,99.83706966241661,0.10569342815284344,0.3478472613523953,0.33064562909586903,0.5498452827537113,0.0,1.3294805783398277e-06
6.0,0.7972798253718824,0.7886705956389238,0.804748848034267,0.7801623132295309,0.052686246927447694,39.288327997959065,0.38061226267279197,0.24431730741442817,0.2512169075973416,0.12385352231543813,0.004080637543735219,19.71365768977299,0.6230845823119694,0.671059179385115,0.6717173344578371,0.771163709939982,0.0027570823148702762,13.319530684935122,4.050069231701232,0.26319963129422186,3.78686960040701,0.0,0.4364047194101744,0.0,1.3184582249063808,0.0,2.0320045326818272,0.5081521954385185,0.23491264790277722,0.2597836162088769,0.02411536448826747,0.02074224671115982,99.79413412112889,0.0941216364433749,0.34014386975278044,0.32279240319206204,0.5455708867349518,0.0,2.123408628072359e-06
7.0,0.7748461030345531,0.7811438254376694,0.7956102010000369,0.7800165801862036,0.06836692994885372,30.27713182112449,0.3860512588968621,0.24531538285033488,0.25460165488778996,0.11403170336501313,0.0044983746558880326,21.73175568182274,0.6018257561135267,0.6532869587121027,0.6522859467924076,0.7696112059826149,0.0029066729782140826,14.042206761685257,4.060173704565787,0.25459603981987367,3.8055776647459134,0.0,0.7137466178938757,0.0,1.1649417633698518,0.0,1.9268859541817396,0.5078882517229469,0.2347449752678196,0.259609841541302,0.02403587784748297,0.020753028132628436,99.74228999442221,0.08137045233947426,0.3320435646066604,0.31439730738899163,0.5417308680845787,0.0,3.329300446498475e-06
8.0,0.7501560234400266,0.7720822388577084,0.7847644140739019,0.7798070898733057,0.02400303377690943,86.23720524270954,0.38976906193852745,0.2467252263769657,0.25799356893373326,0.10551214275077353,0.004985368863295185,24.084436359494287,0.5831842331172558,0.6363400606190366,0.6339712943229042,0.7680374156750308,0.0031627397142963976,15.27927129553834,3.035399564065062,0.24640157867302337,2.788997985392039,0.0,0.010962138286920943,0.0,1.0133246702752994,0.0,1.76470629606312,0.5076149225075133,0.23457524837058172,0.25943204262029773,0.023964789803834666,0.02076431916480981,99.68805304125115,0.06816585248976348,0.32384401755786174,0.30580779893909327,0.5382965876730048,0.0,4.880766698984086e-06
9.0,0.7327960235944999,0.7656869994884075,0.7769012191948143,0.7797643129505908,0.012833455346414363,61.99873009172507,0.39197143725135203,0.24849408557680472,0.2613930446011712,0.09814143257067218,0.005529252082810144,26.711949216937445,0.5667148830629415,0.6201928169422339,0.6167104549221368,0.766445245648766,0.0034865450530488424,16.84358264097669,2.8116108515317126,0.23972033326242798,2.5718905182692846,0.0,0.11426890511809308,0.0,0.871278125266935,0.0,1.5863375284865733,0.5073967011743213,0.234431913513228,0.2592821464571234,0.023902652133993046,0.020771131301865524,99.65535917059647,0.05762352762742473,0.31691947627577355,0.29856627940162084,0.5352947019633111,0.0,5.959397683528674e-06
10.0,0.7172176953856277,0.7596100445103541,0.769409439786856,0.7797604254540506,0.008745024677360722,42.24742362692262,0.39320397729974466,0.2504393815759167,0.2646852519010292,0.09167138922330952,0.006105389408731546,29.495282434795197,0.5520428053579999,0.6048209950680862,0.6004465705303377,0.7648373596258177,0.0038566877106962316,18.63175068360178,2.761982278087807,0.23371880613973625,2.5282634719480708,0.0,0.37120038268898004,0.0,0.7453470621936906,0.0,1.4117091440123803,0.5071964822960308,0.23429734245010167,0.25914095170746954,0.023846888821999833,0.02077648906496538,99.62966042022546,0.04795090567228433,0.31041831599141045,0.2917451272349878,0.532600763007694,0.0,6.8830530201787075e-06
11.0,0.7023501061888074,0.7533893544098645,0.7617844032365333,0.7797681207787275,0.006857151488323092,33.127063043188585,0.39369503688394547,0.25249294013502865,0.26784423124275775,0.08596779173826814,0.006702955309136464,32.382137609116924,0.5388873619332056,0.5901947730754951,0.5851215375843234,0.763215875128482,0.004260105551593151,20.58067193332138,2.72370967596862,0.22819687985592796,2.495512796112692,0.0,0.6103131997624432,0.0,0.635699411581372,0.0,1.249492468347975,0.507006515853142,0.23416767115789364,0.2590043961837353,0.02379639996263927,0.020781022890444922,99.60792407474752,0.03877358132647968,0.3041538648134209,0.2851480971834516,0.530161634121794,0.0,7.71642090182244e-06
12.0,0.6879413341487581,0.7469153171660451,0.7539135888047271,0.7797788920433856,0.005899116040952272,28.49877085557881,0.39359118901430895,0.25461508689860746,0.270863306257464,0.08093041782961942,0.007314533653886026,35.3366872376132,0.5270202238352211,0.5762835124540295,0.5706798309597386,0.7615826183003552,0.004687697564966156,22.646379189153855,2.6549067043022423,0.2230739022204104,2.431832802081832,0.0,0.7879006283458534,0.0,0.5410584326258587,0.0,1.1028652704490969,0.506824499519399,0.23404165818214298,0.25887127432898754,0.02375044794124444,0.020784920074773918,99.5892475323624,0.029980328657256305,0.2980661477795189,0.27871694850288997,0.5279416809644215,0.0,8.470661023127383e-06
13.0,0.6739343023736816,0.7401685490698922,0.7457835846213429,0.7797891339328765,0.005409255559946536,26.13224314151599,0.39300422401060725,0.256777436274517,0.2737415184066427,0.07647682130823301,0.007934073225215206,38.32969774235717,0.5162515119682927,0.5630567929948831,0.5570690299051659,0.7599391945969354,0.005132632684052372,24.795871403989295,2.550887234495985,0.21830239897446882,2.332584835521516,0.0,0.9004823552188731,0.0,0.459787940912288,0.0,0.9723053946514754,0.5066495006721714,0.2339187640270768,0.258741125294341,0.023708450092872264,0.020788259152935157,99.57325118177415,0.02152609244202075,0.2921291017197223,0.2724294174732973,0.5259127548526498,0.0,9.144738879719012e-06
14.0,0.6603284477889049,0.7331606412885977,0.7374139710248627,0.7797970256364875,0.005184893966998107,25.04834691336216,0.3920249696338423,0.2589579223843814,0.27648008509700905,0.0725370228847673,0.008556341247552219,41.33588945925617,0.5064222118370816,0.5504847508035503,0.5442397753529343,0.7582870251541214,0.005589560134621557,27.003298859390384,2.419336734714804,0.2138482297295981,2.205488504985206,0.0,0.9582295609798714,0.0,0.39023229450074404,0.0,0.8570169143294724,0.5064810449481927,0.233798710362427,0.2586137520109977,0.02366992081333242,0.020791084512626342,99.55971988906845,0.01338795607776977,0.2863292804321347,0.26627598365384886,0.5240513961317602,0.0,9.735175117831949e-06
15.0,0.6471379052325889,0.7259151193099813,0.7288361964617809,0.7798015322055263,0.005124839521549865,24.75822244932262,0.3907291846340201,0.2611387639033095,0.27908120200691816,0.06905084945575218,0.009176737021729393,44.33303630046165,0.49739882451837397,0.5385382339184055,0.5321456140246239,0.7566273727969994,0.006054187537702401,29.247924969760323,2.270627065082508,0.20968405894954506,2.060943006132963,0.0,0.9744254947109394,0.0,0.33084235458142497,0.0,0.7556649177240307,0.5063188314772571,0.23368133567792893,0.2584890660977384,0.023634446489639728,0.02079342917644528,99.54849355063881,0.0055513844528212175,0.2806588813171903,0.2602523773266878,0.5223376230593941,0.0,1.0239116568029104e-05
16.0,0.6343772289698398,0.7184600135605327,0.7200854396210742,0.7798020127920717,0.005173372974990876,24.992688725090613,0.3891807597687189,0.26330542230023446,0.2815475913764427,0.06596622655460388,0.009791221041285195,47.3016233135269,0.48906919323257103,0.5271888891764736,0.5207428229796601,0.7549613629377155,0.006523027617284308,31.512902621184725,2.1140795084187274,0.20578670093973106,1.9082928074789962,0.0,0.9613115530746499,0.0,0.28022012319244416,0.0,0.6667504758738972,0.5061626276533493,0.23356653743308786,0.2583670273835658,0.023601671159283737,0.020795322724629833,99.53942901859314,0.0019948596851298017,0.2751129506190384,0.2543566578213059,0.5207542390014318,0.0,1.0655338004960045e-05
17.0,0.6220566180778263,0.7108245905971478,0.7111971153295377,0.7797980448335566,0.005297257176218727,25.591176267785062,0.38743378787668376,0.26544597051023916,0.28388232223237053,0.0632379193807065,0.010396283767315308,50.22469583196485,0.481339097486009,0.5164092161103881,0.509990239687052,0.7532900011158074,0.006993229516784562,33.78445925724515,1.9568505795145306,0.20213585865112793,1.7547147208634026,0.0,0.9287789672120256,0.0,0.23712859201687167,0.0,0.5887961771826401,0.506012226973817,0.23345424551871305,0.2582476173860115,0.023571286731446,0.020796794065298326,99.53238675960006,0.00926075252866676,0.26968810134588317,0.24858793224523357,0.5192863600166583,0.0,1.0984451865499223e-05
18.0,0.6101807621546864,0.7030378028316197,0.7022052893313586,0.7797893369349252,0.005475270054804339,26.45116074697398,0.3855340750152872,0.26755065730250227,0.28608873396354656,0.06082653371866393,0.010988925754179325,53.087763462061204,0.4741294142384044,0.5061726018449341,0.4998491043846643,0.7516141879883705,0.007462456733699478,36.05130717839581,1.803919743586616,0.19871344037655841,1.6052063032100576,0.0,0.8842773000483675,0.0,0.20048614458009772,0.0,0.5204316297988872,0.5058674319140423,0.2333444087952371,0.25813082675833987,0.023543025595824253,0.020797872233708926,99.52722696853922,0.016255836539380508,0.2643818629329767,0.2429457490554366,0.517921057787288,0.0,1.122878270529621e-05
19.0,0.598749102265392,0.6951275239566669,0.6931419578063879,0.7797756821688352,0.005693045387062888,27.503238592018718,0.38352033303216965,0.269611577104115,0.28817039748827394,0.05869769237544139,0.011566637773731467,55.87870406255707,0.4673737276962513,0.4964533433714723,0.4902829156979177,0.7499347322485521,0.007928793508400783,38.30419130399725,1.6584634405711203,0.19550314331500085,1.4629602972561193,0.0,0.8331680587774051,0.0,0.16935434288961837,0.0,0.46042650348769204,0.5057280474644287,0.23323698769279586,0.2580166490541852,0.023516654707087553,0.02079858641803591,99.52380939081638,0.022989532677568814,0.25919232375070955,0.23742979682644,0.5166470738375777,0.0,1.1392101403795009e-05
20.0,0.5877566056081585,0.6871201718978416,0.6840367466815053,0.7797569313218321,0.00594036301010948,28.698035951287732,0.3814251660380497,0.27162240353565703,0.2901310876382586,0.05682134278803474,0.012127376661764966,58.58764705824344,0.46101630756031264,0.48722666051622193,0.48125729856613236,0.7482523618080207,0.008390670438409888,40.53552981309409,1.5222999003127418,0.19249017230846363,1.3298097280042782,0.0,0.7791782494588233,0.0,0.14292333983151076,0.0,0.40769665940116384,0.5055938793322092,0.2331319498605689,0.2579050775510106,0.023491970700034115,0.020798965702627552,99.52199450021348,0.029471227273332845,0.2541179209231983,0.23203975079087885,0.5154545835459307,0.0,1.147931278026364e-05
21.0,0.5771946682409635,0.6790405342485,0.6749168246663317,0.7797329766336906,0.0062096483293987564,29.998959777149217,0.37927590878645984,0.27357816575555727,0.29197475664884726,0.05517116880913563,0.01266953586515751,61.206831152515484,0.4550103960018168,0.4784687015418381,0.47273988296662695,0.7465677335025496,0.008846804235358796,42.739123108850585,1.396283663743678,0.1896610333243203,1.2066226304193577,0.0,0.7248170047706033,0.0,0.12049699276335439,0.0,0.36129713674095487,0.5054647341352109,0.23302926745776717,0.25779610363036914,0.023468795785772475,0.02079903873871872,99.52164502745394,0.03571026266575972,0.24915730945525663,0.22677519458951545,0.5143349978884267,0.0,1.1496144445041318e-05
22.0,0.5670519809517206,0.6709117041987851,0.6658069281886689,0.7797037413598346,0.006495102397066713,31.377995213609072,0.37709534994720556,0.275475056335368,0.29370550558427905,0.053724088133147344,0.01319191121740293,63.73043898814661,0.44931675605341814,0.4701565426514848,0.46470019188639017,0.7448814415310934,0.009296148516317132,44.90991609027315,1.280616783661744,0.18700337205540157,1.0936134116063423,0.0,0.6717138992928817,0.0,0.10147867877154008,0.0,0.3204093846806101,0.5053404203508225,0.23292891538249935,0.25768971597981444,0.023446974270247785,0.020798833431829075,99.52262741329112,0.041715891358058366,0.24430927666850413,0.22163558171535952,0.5132807952479932,0.0,1.1448861310643426e-05
23.0,0.5573152928834483,0.6627550786662775,0.656729445294109,0.7796691727195056,0.006792175886805456,32.813164356334546,0.37490236100079877,0.2773102640874567,0.2953275534425806,0.05245982146916394,0.013693663165969733,66.15441466675307,0.44390244251213856,0.46226818231802524,0.457109537146385,0.7431940248037012,0.009737853499405341,47.04380344075255,1.1750793507368673,0.18450584220726113,0.9905735085296061,0.0,0.6208772621888669,0.0,0.0853582614033236,0.0,0.28432664092021054,0.5052207494435855,0.23283087006628234,0.2575859002398274,0.023426369583643553,0.02079837668053369,99.52481302083586,0.04749722154337793,0.23957268396387796,0.216620218456605,0.5122853779040918,0.0,1.134401720514335e-05
24.0,0.5479700536197133,0.6545903921186587,0.6477045298861547,0.7796292368988664,0.007097237760424078,34.2869255728756,0.37271244508982243,0.27908182766933065,0.2968452047979121,0.051360522442934736,0.014174276908608972,68.47627116634258,0.43873976267052456,0.45478253117228346,0.44994092190119767,0.7415059733465471,0.010171232995353347,49.13747016349339,1.079193591668112,0.18215799492964801,0.897035596738464,0.0,0.5728845913865144,0.0,0.07170037205092168,0.0,0.25243944505352617,0.50510553691168,0.232735108627535,0.25748463889605516,0.02340686173647715,0.02079769417609715,99.52807906205453,0.05306316654881971,0.2349464259267157,0.21172825869066825,0.5113429491360842,0.0,1.1188247501743555e-05
25.0,0.539000935682197,0.6464357709899579,0.6387502303681123,0.7795839153544323,0.007407357726490266,35.78512255515322,0.37053821660225333,0.2807885070706383,0.298262817136735,0.05041045919037338,0.014633521870866573,70.69489457620614,0.4338053990853034,0.4476793980754439,0.44316894885916086,0.7398177338905566,0.010595737400510513,51.188261110098495,0.9923372985908037,0.1799501843356251,0.8123871142551785,0.0,0.5280198781813465,0.0,0.060134020022582065,0.0,0.22422222794896446,0.5049946031483676,0.23264160826422356,0.2573859113082778,0.023388345135698235,0.020796810260976167,99.53230924797927,0.05842240321892184,0.23042940098530482,0.2069587052835828,0.5104484077184223,0.0,1.0988102285531838e-05
26.0,0.5303922486420615,0.6383077998224475,0.6298826236310179,0.7795332019748528,0.007720157134454889,37.29626398540477,0.368389820122839,0.2824296708041383,0.299584768986294,0.04959574008672877,0.015071411791337136,72.81035126782324,0.42907967060237967,0.44093947293227054,0.4367697334704971,0.738129714752125,0.011010931615373283,53.19407430444718,0.9138202431347291,0.1778734858854843,0.7359467572492449,0.0,0.4863711856171329,0.0,0.05034346953660932,0.0,0.19922135217839768,0.5048877740911828,0.2325503458132792,0.25728969381600747,0.023370726706354455,0.020795747839343622,99.53739419511842,0.06358334055307974,0.22602049012624356,0.20231041519151644,0.5095972571778703,0.0,1.0749917105019732e-05
27.0,0.5221282593841595,0.6302215937870836,0.6211159491859057,0.7794771008344827,0.008033702182733566,38.81100762186882,0.3662752959923829,0.2840051970429382,0.30081542973668757,0.04890407722799144,0.015488166447783554,74.82370299282925,0.42454591122549035,0.4345443067534273,0.43072082150401886,0.73644229009935,0.011416476985061699,55.15327369670485,0.8429342790380077,0.17591962541580136,0.6670146536222064,0.0,0.4478992076955811,0.0,0.04206028584845008,0.0,0.17704468036107954,0.5047848816682987,0.23246129743127308,0.25719595988704935,0.02335392427358538,0.02079452833119364,99.54323162800053,0.06855409814149555,0.22171854146777456,0.19778210663778417,0.5087855276272428,0.0,1.047971709563659e-05
28.0,0.5141934334903038,0.6221908742825252,0.6124627404502682,0.7794156243733197,0.008346424074574978,40.32177456987292,0.36420089872295,0.28551538721124364,0.30195913182403117,0.04832458224177526,0.015884175802972137,76.73683367068638,0.4201899492870545,0.42847628943592025,0.4250011105745627,0.7347558036844488,0.011812116504424795,57.064617688832875,0.7789851012196459,0.1740809171688368,0.6049041840508091,0.0,0.41248496314316563,0.0,0.0350564384581245,0.0,0.1573525992997458,0.5046857640674095,0.23237443836651575,0.25710468028997757,0.023337865166943444,0.02079317166157987,99.54972641772306,0.0733424931754037,0.21752235924985444,0.19337236744520087,0.5080097083398161,0.0,1.018314977314904e-05
29.0,0.5065726117527676,0.6142280455317567,0.6039339514910879,0.7793487918974661,0.008657056928913017,41.8224493276736,0.36217137375657177,0.28696089071655556,0.3030201457189516,0.04784758980792115,0.016259967103457444,78.55229044212531,0.4159996718468318,0.42271862569499263,0.41959077529533156,0.7330705721121469,0.012197662658068568,58.92720038947255,0.7213114165764943,0.1723502095268811,0.5489612070496133,0.0,0.37996263352673526,0.0,0.029138346986386034,0.0,0.13985036109470508,0.5045902658576572,0.2322897428021596,0.25701582327962974,0.023322485014917647,0.020791696277263485,99.55679049287586,0.07795603455678274,0.21343069625439312,0.18907966399737047,0.5072666895124796,0.0,9.865441786906292e-06
30.0,0.4992511342846662,0.6063442708363981,0.5955390782922544,0.7792766283299923,0.008964587867115651,43.30813865434486,0.36019019743538877,0.28834263964569773,0.30400265797134296,0.047464504947570485,0.01661617524502259,80.2731405038776,0.4119646613726073,0.41725530954604534,0.41447119581508374,0.7313868877044984,0.012572987377112254,60.740403094794104,0.6692956055635667,0.17072083738465388,0.49857476817891283,0.0,0.3501418972137441,0.0,0.024141759361543794,0.0,0.12428158022842424,0.5044982379948832,0.23220718375568364,0.2569293547892634,0.023307726702399306,0.020790119184059253,99.56434265437775,0.08240192264461904,0.20944224894933852,0.18490235052180715,0.5065537119006552,0.0,9.531375200700459e-06
31.0,0.4922149229729057,0.5985495476081915,0.5872862740716195,0.779199163163815,0.00926821584013052,44.77497266273264,0.3582597845237487,0.2896617923555331,0.30491075240482607,0.04716767071589223,0.016953516533858428,81.90284434830414,0.4080758935970794,0.4120710977003252,0.40962488956362186,0.729705021014562,0.012938013690863075,62.5038539575376,0.6223687284746346,0.16918658025515365,0.45318214821948094,0.0,0.32282287705864987,0.0,0.019927359319330328,0.0,0.1104227265621986,0.5044095377376712,0.23212673302381803,0.25684523862552505,0.023293539467900876,0.020788455999239747,99.57230832067219,0.08668705331092852,0.20555565482797475,0.18083867850893592,0.5058683232047246,0.0,9.185279302182406e-06
32.0,0.48545053133330995,0.5908527805879465,0.5791824584481725,0.7791164295816432,0.00956731704131813,46.21993772802368,0.35638166716082487,0.2909196849825862,0.30574839443198953,0.04695025342459936,0.017272765825670947,83.44514532187544,0.4043254870363947,0.40715148220310016,0.4050354460743301,0.7280252230344136,0.01329270873363052,64.21739420276516,0.5800118535750184,0.16774162532915374,0.4122702282458646,0.0,0.2978059218117268,0.0,0.016377009106043044,0.0,0.09807846629365147,0.5043240284978007,0.23204836116437527,0.25676343666375,0.02327987812077143,0.020786721014377105,99.5806192249055,0.09081802516532994,0.2017694915311691,0.17688680614707752,0.5052083402535202,0.0,8.831034443281712e-06
33.0,0.4789451692783977,0.5832618528508831,0.5712334204264372,0.7790284637165166,0.00986141551711914,47.64073450717553,0.3545566487106198,0.2921177899797872,0.30651941837066676,0.04680614293892624,0.01757473691457493,84.90397488344735,0.4007064960315884,0.4024826626081407,0.40068746478329675,0.7263477271369718,0.013637077835582144,65.88104958064386,0.5417550648992,0.16638053481091292,0.3753745300882871,0.0,0.2748977957744382,0.0,0.013390542661547702,0.0,0.08707771956737402,0.5042415796447014,0.23197203750809398,0.2566839090418468,0.023266702361557062,0.020784927264912528,99.58921308141221,0.09480114900197112,0.19808227741956178,0.173044807689047,0.5045718161707731,0.0,8.472084927185564e-06
34.0,0.4726867089383363,0.5757836943235163,0.5634439152668856,0.7789353040319549,0.010150158046079412,49.0356565788849,0.352784935605681,0.29325768086615994,0.30722751757756006,0.04672986595059892,0.017860265966281617,86.28337256959391,0.39721274036284615,0.3980515179480347,0.3965664957241366,0.7246727507858997,0.013971159483145165,67.49500602002522,0.5071750737051561,0.16509821694042992,0.3420768567647262,0.0,0.25391539039953326,0.0,0.010883033847883448,0.0,0.07727032105886081,0.5041620662796815,0.23189773019477275,0.25660661435141513,0.02325397619111866,0.020783086603533125,99.59803323511801,0.09864245870655197,0.19449247331919509,0.16931068268510752,0.5039570118294526,0.0,8.11145844870936e-06
35.0,0.4666636764945772,0.5684243476248981,0.5558177553739934,0.7788369908044424,0.010433292629955005,50.4034865336009,0.3510662499457551,0.29434100244798134,0.30787623717370394,0.04671651043255966,0.018130197740887914,87.5874194365721,0.39383866551240937,0.393845578726695,0.39265898304878966,0.7230004970433307,0.014295020980429958,69.05958866867813,0.4758920555065702,0.16388990018974856,0.3120021553168216,0.0,0.23468774372583043,0.0,0.008782473141162372,0.0,0.068524186659785,0.5040853689923308,0.2318254062288479,0.2565315098249683,0.0232416673962133,0.02078120977509797,99.60702830436007,0.10234772302459255,0.1909984852064829,0.16568236502774242,0.5033623710000791,0.0,7.751790043793018e-06
36.0,0.46086523398611917,0.5611890311085633,0.5483578953730968,0.778733565693612,0.010710650103507594,51.743407130006304,0.34939992530898295,0.29536944583839136,0.3084689691121219,0.046761659740503794,0.018385374324277528,88.82018362145091,0.3905792285363097,0.389852999128826,0.38895221130963087,0.7213311559012417,0.014608754679991478,70.57524368400708,0.44756612528828066,0.16275111018945604,0.2848150150988246,0.0,0.2170569207559581,0.0,0.007027794433844782,0.0,0.06072290456011965,0.504011373608601,0.23175503155026173,0.25645855151827346,0.0232297471010254,0.020779306491404196,99.61615182505292,0.10592245773170245,0.18759866763188507,0.16215773176052994,0.5027864986850873,0.0,7.3953489020883e-06
37.0,0.4552811542143409,0.5540821990296492,0.5410665115726708,0.7786250713874885,0.010982128467812607,53.054925608854035,0.34778498795817586,0.2963447276669129,0.30900894932766027,0.04686133504725108,0.018626626078651287,89.98567662390664,0.3874298052664295,0.3860625296114678,0.3854342544390535,0.7196649054588942,0.014912474680411035,72.0425222789906,0.42189371915831164,0.16167764900271236,0.2602160701555993,0.0,0.20087814270747778,0.0,0.0055672011114544515,0.0,0.05376368226992638,0.5039399709376725,0.2316865711170414,0.2563876944869297,0.023218189375649033,0.020777385504528557,99.62536190204823,0.10937193786252436,0.18429132770930137,0.15873461160870833,0.5022281422045127,0.0,7.044066740667317e-06
38.0,0.4499017911845473,0.5471075987995345,0.5339450760254234,0.7785115513117556,0.011247679613123356,54.337809550805765,0.3462202253758154,0.29726857293089626,0.3094992567090313,0.04701194498425708,0.018854764527393462,91.0878189328416,0.38438611521879995,0.38246349001528795,0.3820939273607533,0.718001912965809,0.015206313911018128,73.46206663840269,0.39860405169215085,0.16066557641853768,0.23793847527361317,0.0,0.1860194359073959,0.0,0.004356747342709307,0.0,0.04755559245677934,0.5038710565227652,0.23161998899649675,0.25631889295641147,0.02320697089381233,0.02077545467783638,99.63462087187396,0.11270120974911885,0.18107472952186435,0.15541079319398282,0.5016861746605753,0.0,6.69956672863881e-06
39.0,0.44471804796083403,0.5402683253210854,0.5269944254127971,0.7783930493933722,0.011507298138121068,55.592032861961165,0.3447042438366485,0.29814270099753937,0.3099428136407897,0.047210241525022324,0.019070576903386535,92.13041368916237,0.3814441611456822,0.3790457433082019,0.3789207401633723,0.7163423357471789,0.015490421541777216,74.83459740591368,0.3774557508206873,0.1597111929841497,0.21774455783653754,0.0,0.17236098804178976,0.0,0.003359136563240122,0.0,0.04201807003931166,0.5038045303995026,0.23155524846237618,0.2562521004849055,0.023196070633233874,0.020773521054032903,99.64389497971861,0.11591510269445154,0.177947098815567,0.1521840329012331,0.501159580461826,0.0,6.363192195999982e-06
40.0,0.43972134335656443,0.5335668724230127,0.5202148249848334,0.7782696098700553,0.011761012002384158,56.81773061571311,0.34323551652422735,0.29896881431782507,0.3103423878760243,0.04745328128192329,0.01927482210974865,93.11712717200561,0.37860018065016543,0.37579967005124765,0.3759048547628104,0.7146863220264,0.015764960669968024,76.16090250838751,0.3582337266722756,0.15881102453830806,0.1994227021339675,0.0,0.15979434065005815,0.0,0.0025427044727135794,0.0,0.03707962097663603,0.5037402968642261,0.2314923120957024,0.25618727011838405,0.023185469612937507,0.020771590919851323,99.65315407250685,0.11901824016518736,0.17490662787065328,0.14905206237013618,0.5006474426327611,0.0,6.036034559755447e-06
41.0,0.4349035785183627,0.5270051814330377,0.5136060277918518,0.7781412771382169,0.012008874773526334,58.015161598486145,0.3418124235157518,0.29974858946247873,0.3107005955171567,0.0477383915046128,0.019468227865213194,94.05147500799839,0.3758506076935387,0.37271614365640765,0.3730370439749933,0.7130340116574765,0.01603010624566082,77.44182713380305,0.34074630057025646,0.15796180804432514,0.18278449252593132,0.0,0.1482215051723246,0.0,0.001880558549695913,0.0,0.03267670984384839,0.5036782642537255,0.2314311418873519,0.25612435453746984,0.02317515066265071,0.020769669867141852,99.66237130912461,0.12201505043295535,0.1719514804572662,0.14601259559024743,0.5001489316734036,0.0,5.71896006242017e-06
42.0,0.4302571041717499,0.5205846869471891,0.5071673294465747,0.7780080956329053,0.012250959252507201,59.18467751345944,0.3404332847964671,0.3004836701349221,0.3110199049009722,0.04806314016763864,0.019651488831047694,94.93681312235873,0.3731920421769554,0.36978650648820577,0.37030865291662196,0.7113855367783848,0.01628604320584571,78.67826471718801,0.32482260070639724,0.15716047855309728,0.16766212215329993,0.0,0.1375540605538263,0.0,0.0013498501721705143,0.0,0.028752798792255504,0.5036183447371517,0.23137169934075136,0.25606330619576384,0.023165098220093428,0.02076776285025516,99.67152288825349,0.12490977662711561,0.16907979679673044,0.14306333558363643,0.49966329576627777,0.0,5.4126350476073474e-06
43.0,0.4257746890681642,0.514306359867066,0.5008976186555136,0.777870109734183,0.01248735228142527,60.32669789689043,0.3390963873190992,0.3011756618572656,0.3113026412037569,0.04842530961987835,0.019825265541100787,95.77633256992668,0.3706212260781195,0.36700254684529493,0.3677115626477097,0.7097410223950376,0.016532964792998362,79.87114881756983,0.31031021857211166,0.1564041571536727,0.15390606141843896,0.0,0.1277122698513701,0.0,0.0009311589717069613,0.0,0.02525751504576231,0.5035604541203582,0.23131394557333884,0.2560040774494174,0.023155298152546456,0.020765874239709343,99.6805877938323,0.12770648618704544,0.1662896984631669,0.1402019806645735,0.4991898521563344,0.0,5.11754959957827e-06
44.0,0.42144948999483983,0.5081707477886245,0.49479542375684377,0.7777273636951558,0.012718150558139017,61.441689898448985,0.3378000069939042,0.30182612806277237,0.3115509916023511,0.04882287334097242,0.019990183980293317,96.57305749884483,0.36813502487803357,0.36435647684476274,0.36523815596670667,0.7081005869042343,0.01677107103831727,81.0214457904584,0.29707311273793824,0.15569013979197685,0.1413829729459614,0.0,0.11862423895865931,0.0,0.0006079721034638085,0.0,0.022145927844385054,0.5035045116625494,0.2312578414156839,0.2559466206778391,0.02314573759958604,0.02076400787220041,99.68954755783717,0.13040907971991395,0.16357929317201134,0.13742623027088058,0.4987279795534224,0.0,4.834039453214342e-06
45.0,0.41727502357139845,0.5021780128352573,0.48885895549881403,0.7775799015875825,0.01294345730136507,62.530152170226835,0.33654242637945697,0.30243658736208706,0.31176701084644354,0.049253975412012416,0.020146835679003144,97.32984560653354,0.36573041322849553,0.36184091122035006,0.3628812852667981,0.7064643425629021,0.01700056739321371,82.13014817654138,0.28498974242668684,0.15501588685782683,0.12997385556886001,0.0,0.1102251306741201,0.0,0.00036624373816861075,0.0,0.019377918850429797,0.5034504399048529,0.2312033475073784,0.2558908883955203,0.023136404834297127,0.020762167097065205,99.69838603984758,0.13302129928238943,0.16094667941252297,0.13473379036626537,0.4982771114274671,0.0,4.5623061415253346e-06
46.0,0.4132451399521309,0.4963279670348876,0.48308614628815133,0.7774277672616171,0.013163379628333272,63.592602198126386,0.33532194874199767,0.303008511781038,0.3119526271160843,0.04971691236088003,0.020295778210971026,98.04939054508627,0.3634044639934279,0.3594488470360422,0.3606342423605745,0.7048323959099917,0.017221663495157125,83.19826873945372,0.2739514114117434,0.15437901345674424,0.11957239795499919,0.0,0.10245644059267765,0.0,0.00019402232835464303,0.0,0.016917632598573266,0.5033981645102639,0.23115042438900119,0.2558368333550541,0.023127289140642215,0.020760354819340972,99.70708922270423,0.13554673611298762,0.15838995089061406,0.1321223784171835,0.4978367300841311,0.0,4.302435393632198e-06
47.0,0.4093539984742898,0.49062010534573575,0.47747468613208993,0.7772710043167946,0.013378026524435538,64.62956649318579,0.33413690906074345,0.3035433257951829,0.3121096480559008,0.05021011708817292,0.020437536000413415,98.73422582045066,0.3611543399509871,0.35717364430837295,0.3584907301796819,0.7032048481465775,0.017434572055893587,84.22683509473431,0.26386080231550646,0.1537772802967145,0.11008352201879194,0.0,0.09526533679290584,0.0,8.113511778250115e-05,0.0,0.014732995694274125,0.503347614114302,0.23109903258962602,0.2557844086414967,0.02311838070497511,0.020758573539586985,99.7156450234688,0.13798883784683297,0.15590720075638867,0.12958972795147095,0.49740636142381645,0.0,4.054413829474113e-06
48.0,0.40559604523490095,0.485053636438578,0.4720220554907841,0.7771096560818517,0.013587507300416536,65.64157313823011,0.3329856824768994,0.30404240601069255,0.3122397668936822,0.05073214461872584,0.020572601359944515,99.38672980665498,0.3589772875728216,0.3550090075241152,0.35644483625621864,0.7015817954790111,0.01763950786152427,85.21688487918125,0.25463068184924137,0.15320858513135927,0.10142209671788212,0.0,0.08860406235469954,0.0,1.89209940173763e-05,0.0,0.012795295225143954,0.5032987201856702,0.23104913270948768,0.2557335677582874,0.023109670519957055,0.020756825390646917,99.72404311883624,0.1403509152472991,0.15349652559775342,0.12713359270914176,0.49698557029983104,0.0,3.8181440212413225e-06
49.0,0.4019659925372589,0.4796275113449304,0.4667255552491203,0.7769437656013962,0.013791930447394646,66.62914625645023,0.3318666906140898,0.3045070813628599,0.3123445685657514,0.05128165945729888,0.020701435694759292,99.9908692705333,0.3568706324053657,0.35294896803464404,0.3544910078934874,0.6999633294293627,0.01783668687507988,86.1694614153674,0.2461827585582134,0.15267095471029862,0.09351180384791477,0.0,0.08242939790871244,0.0,4.168891677036917e-09,0.0,0.011078808312303129,0.50325141689618,0.2310006854975435,0.2556842647049953,0.02310115029936291,0.02075511217153621,99.73227478412699,0.142636148489935,0.15115602918743623,0.1247517503983665,0.4965739564026541,0.0,3.5934580075250734e-06
50.0,0.39845880011982676,0.4743404500808838,0.4615823340085228,0.7767733756277982,0.013991402813307142,67.59280203278968,0.33077840613657467,0.30493863372270724,0.3124255357848453,0.05185742435587282,0.020824470820442025,99.400103278259,0.35483177566875257,0.3509878673040036,0.35262402893515166,0.698349537116856,0.01802632543314336,87.08560983050536,0.23844667596614366,0.15216253719512135,0.0862841387710223,0.0,0.07670218035004031,0.0,1.8102344923291023e-05,0.0,0.009560475946702472,0.5032056409992179,0.2309536519237734,0.25563645404720703,0.023092812402463105,0.0207534353786396,99.74033274498358,0.14484759303378847,0.14888382597582303,0.12244200607175337,0.4961711506068105,0.0,3.380129356235403e-06
51.0,0.39506965806182787,0.46919096635549407,0.45658941289041316,0.7765985286169798,0.014186029036237106,68.53304597633355,0.3297193558580025,0.3053382988190492,0.3124840549980949,0.052458290324853316,0.02094211035191496,98.84173636195887,0.35285819176444516,0.3491203409844278,0.350838998043804,0.6967405015135468,0.018208639528822918,87.96637359247318,0.2313591254844058,0.15168159500560646,0.07967753047879933,0.0,0.07138687330416596,0.0,6.786401830754229e-05,0.0,0.008219615272448076,0.5031613317160493,0.23090799324614975,0.2555900909789013,0.023084649766837557,0.02075179623440096,99.74821104091191,0.1469881851140813,0.14667804432628176,0.12020219513968416,0.4957768117250948,0.0,3.1778838777499257e-06
52.0,0.3917939712490791,0.4641773904708877,0.4517437080337034,0.7764192667270442,0.014375911180537288,69.45037116241402,0.32868812266673175,0.3057072673981661,0.3125214221931768,0.05308318774192528,0.021054731129607696,98.3130365106494,0.3509474264453239,0.3473413037906396,0.34913130840234624,0.6951363016770924,0.01838384417400948,88.81279142886461,0.22486306495509684,0.15122649806589594,0.0736365668892009,0.0,0.06645118474172784,0.0,0.00014473040756653757,0.0,0.0070376653308148514,0.5031184306292934,0.23086367107228117,0.25554513137768237,0.023076655848624728,0.02075019571368195,99.75590489983536,0.1490607468884615,0.14453682949318927,0.11803018603865556,0.4953906236219888,0.0,2.986409091671142e-06
53.0,0.38862734527869686,0.45929789051875775,0.4470420509592176,0.7762356318189009,0.014561148530792286,70.34525723723678,0.32768334649315944,0.3060466865561443,0.3125388485198837,0.05373111843081249,0.02116268465610112,97.81152929811617,0.34909709545369516,0.34564593514254177,0.3474966287543245,0.6935370129631142,0.018552152834396946,89.62589459755858,0.21890703016404814,0.15079571742440737,0.06811131273964077,0.0,0.06186572717876914,0.0,0.0002448182044560452,0.0,0.005997961993865686,0.5030768815829451,0.2308206474157947,0.25550153185326063,0.023068824569335827,0.020748634567958925,99.76341062286359,0.15106799126698928,0.14245834634577278,0.1159238825733887,0.49501229264424396,0.0,2.8053625498995865e-06
54.0,0.3855655736807304,0.4545504919748497,0.4424812069643802,0.7760476654582205,0.014741837506547815,71.21817000593607,0.32670372450933155,0.3063576611901422,0.3125374657023199,0.05440114859820631,0.021266298522457587,97.33497101440193,0.34730488347520155,0.3440296655448216,0.3459308857023827,0.6919427072193559,0.018713776931226417,90.40670447963365,0.21344452804837177,0.15038781922457028,0.0630567088238015,0.0,0.057603716085451145,0.0,0.0003648199402301239,0.0,0.005085538419004129,0.5030366305883651,0.23077888474756972,0.2554592497895786,0.023061150268473884,0.020747113347518716,99.77072547852,0.1530125264537519,0.1404407818432293,0.113881225951941,0.49464154533189575,0.0,2.634379116099255e-06
55.0,0.3826046263373545,0.44993309578951735,0.43805789170198733,0.7758554089182103,0.014918071667494969,72.06956145761997,0.32574801072073395,0.3066412555245154,0.3125183312237614,0.05509240253098931,0.021365877808360828,96.88132492534521,0.34556854329137615,0.3424881636714119,0.34443024718722665,0.690353452963576,0.018868925404150826,91.1562304675564,0.20843350161019208,0.15000145900612033,0.05843204260407177,0.0,0.0536407023991435,0.0,0.0005019192629358408,0.0,0.004286947864694751,0.5029976257357108,0.23073834604197485,0.25541824338098407,0.023053627661292077,0.020745632421804917,99.77784760571484,0.15489686022568488,0.13848234726843964,0.11190019653323857,0.49427812637755997,0.0,2.473077297673161e-06
56.0,0.37974063898505667,0.4454434950685783,0.43376878608749175,0.7756589031828173,0.015089941784542966,72.89987010872454,0.32481501508400984,0.3068984946760487,0.31248243327204245,0.05580405696789906,0.021461706444209243,96.44874025502008,0.34388589504183825,0.34101732412259717,0.34299110707286457,0.6887693155468838,0.01901780433001582,91.87546812350294,0.2038358577232849,0.14963537631881557,0.05420048140446934,0.0,0.049954335356332084,0.0,0.00065371884465082,0.0,0.00359010613876486,0.502959817110324,0.230698994818289,0.2553784716628507,0.023046251801108204,0.020744191998057406,99.78477592479231,0.1567234039718715,0.13658128022903285,0.1099788153063797,0.4939217968058348,0.0,2.3210647215743615e-06
57.0,0.3769699036915589,0.4410793904346282,0.42961054967004947,0.7754581889500675,0.015257535957059793,73.70952156940616,0.32390360226190096,0.30713036622965384,0.31243069543823204,0.05653533607021318,0.021554048526569468,96.0355335432884,0.34225482552994196,0.3396132558227532,0.34161007076735267,0.6871903573040332,0.01916061659272263,92.56539758445842,0.19961705008013142,0.14928838963214935,0.050328660447982065,0.0,0.0465241521941441,0.0,0.000818178993900986,0.0,0.0029841513170972356,0.502923156713642,0.23066079517751045,0.2553398945370422,0.023039018045663197,0.0207427921383777,99.79151005602853,0.15849447651437248,0.13473584643563655,0.10811514512079151,0.49357233234807285,0.0,2.1779428397433273e-06
58.0,0.37428886020644486,0.4368384041547628,0.4255798325936721,0.7752533066353321,0.015420939760617888,74.4989292573045,0.3230126901075068,0.30733782180193103,0.3123639811654514,0.05728550692511083,0.021643149581028937,95.64017207927185,0.34067328752397175,0.33827227102718493,0.3402839418117834,0.6856166376920081,0.01929756159968428,93.22698219241026,0.19574571047626657,0.14895939152601428,0.04678631895025229,0.0,0.04333139160809833,0.0,0.0009935653484511359,0.0,0.0024593186827585544,0.5028875983882378,0.23062371183477298,0.2553024727926041,0.023031922027073732,0.02074143277534396,99.79805024499815,0.16021230772953193,0.13294434126791774,0.10630729168588238,0.4932295219907852,0.0,2.043310944263134e-06
59.0,0.37169408809220333,0.432718093116386,0.42167328626623707,0.7750442963743726,0.015580236412956373,75.26849519931002,0.3221412479535848,0.3075217785751017,0.312283097948048,0.05805387552326552,0.02172923776858539,95.26125915284626,0.33913929902050205,0.3369908749072343,0.33900970937376307,0.6840482134180859,0.019428835040710888,93.86116732951712,0.19219332247277768,0.14864734414839142,0.04354597832438626,0.0,0.04035882817622897,0.0,0.0011784042761575548,0.0,0.002006829102433243,0.5028530977466399,0.23058771014759993,0.2552661681220595,0.023024959624982903,0.020740113726290917,99.80439729426743,0.16187904198674308,0.1312050911395322,0.10455340435826282,0.49289316667854277,0.0,1.9167695664932946e-06
60.0,0.369182299550307,0.42871596072850415,0.4178875728458776,0.7748311980260686,0.015735506948655237,76.01861087541911,0.32128829476870996,0.307683120788103,0.3121888012840753,0.05883978315911168,0.021812525033375548,94.89752090139822,0.3376509424479585,0.33576575568370526,0.33778453658510355,0.6824851385584306,0.0195546286854637,94.46887943960469,0.1889339322242159,0.14835127492704836,0.04058265729716755,0.0,0.037590625264006146,0.0,0.0013714448241563286,0.0,0.0016187892856765853,0.5028196121036147,0.23055275614023168,0.2552309431336665,0.023018126942559676,0.020738834706360548,99.81055250091646,0.16349674141984788,0.12951645467339565,0.1028516767339322,0.49256307815450506,0.0,1.797923328497454e-06
61.0,0.3667503328647891,0.4248294678216787,0.41421937364642,0.7746140511747724,0.015886830395299707,76.74965806978842,0.3204528972303483,0.30782270117520555,0.31208179838620637,0.059642603208239796,0.02189320819084586,94.54779455906932,0.3362063637972862,0.33459377527966194,0.3366057496668708,0.6809274646681497,0.019675130215904304,95.05102521872364,0.18594389191651303,0.14807027252298913,0.037873619393523905,0.0,0.03501220420560115,0.0,0.001571626235678932,0.0,0.0012881025689343063,0.5027871004116354,0.2305188165242656,0.2551967613599841,0.02301142028503902,0.020737595340422493,99.81651759942463,0.16506738904469853,0.12787682369880685,0.10120034706207914,0.4922390779236888,0.0,1.6863833095125203e-06
62.0,0.3643951463933813,0.42105604261565555,0.41066539655607986,0.7743928951322634,0.016034283945768175,77.46200970306195,0.3196341677549855,0.3079413423454686,0.31196275165791537,0.0604617382416306,0.02197146995647444,94.21101794134007,0.33480377167341707,0.33347196046475974,0.33547082778826914,0.6793752408836451,0.0197905230904344,95.60849095880576,0.18320163183654586,0.14780348301403032,0.03539814882251553,0.0,0.03261012781346487,0.0,0.0017780502045940895,0.0,0.0010083890354719717,0.5027555231992848,0.2304858587158465,0.25516358726307264,0.023004836140530262,0.02073639517395463,99.822294709494,0.16659289173491182,0.12628462408191946,0.09959769849633487,0.49192099632581454,0.0,1.5817689846023871e-06
63.0,0.362113813043514,0.4173930898196568,0.40722238255657706,0.774167768939297,0.01617794312277559,78.15603062728408,0.3188312625171393,0.308039838098762,0.31183228194305923,0.061296617441039515,0.022047479915918527,93.88622001975371,0.3334414362663218,0.33239749446443534,0.33437739360907376,0.6778285140180028,0.01990098643667325,96.14214202966912,0.18068745760020766,0.14755010629742288,0.03313735130278477,0.0,0.030371996499677513,0.0,0.0019899571648717166,0.0,0.0007739139284480794,0.5027248425123727,0.23045385084964232,0.25513138623664106,0.022998371162852485,0.020735233682967574,99.82788628841638,0.16807508306651475,0.12473831640090952,0.09804205919848347,0.49160867170608125,0.0,1.4837097874710957e-06
64.0,0.3599035151772743,0.41383799892641554,0.4038871114231823,0.7739387113667636,0.016317881932999993,78.83207837048865,0.3180433794821438,0.3081189546760415,0.3116909715579408,0.062146694283873996,0.022121395438031932,93.5725124604158,0.3321176882441607,0.33136770900848694,0.333323204458443,0.6762873286500797,0.020006694970057224,96.65282248577063,0.17838336950733552,0.14730939270091173,0.031073976806423806,0.0,0.028286355499950965,0.0,0.002206706019331935,0.0,0.0005795234407964048,0.5026950218575696,0.23042276178983473,0.2551001246054317,0.02299202215618324,0.02073411028305074,99.83329508761842,0.16951572604098014,0.12323639647693949,0.09653180230876884,0.49130194967354057,0.0,1.3918463445020194e-06
65.0,0.3577615398957199,0.41038815175728416,0.40065640667996516,0.773705760916481,0.01645417300906882,79.49050382263805,0.31726975647183,0.3081794319431304,0.31153936711559477,0.06301144446944476,0.0221933625326113,93.26908201609386,0.3308309175736885,0.33038007679479975,0.33230614410593795,0.6747517272078815,0.020107818935666308,97.14135478516842,0.176272901376986,0.14708063979205155,0.029192261584934466,0.0,0.026342611875794775,0.0,0.0024277568024604233,0.0,0.0004205870752568623,0.5026660261483846,0.2303925611383481,0.2550697696221196,0.022985786061330716,0.020733024337610467,99.83852411305256,0.17091651569509364,0.12177739577169625,0.09506534579607939,0.49100068243790396,0.0,1.3058314224042178e-06
66.0,0.3556852746587377,0.40704092931215435,0.3975271398786634,0.7734689558216522,0.01658688773842316,80.13165185816965,0.31650966927747304,0.30822198450849286,0.31137798215245294,0.06389036406158125,0.022263516655017954,92.97518367568777,0.32957957227483986,0.32943220434519305,0.3313242150834373,0.6732217500467605,0.020204524070889376,97.6085396091569,0.17434097655217248,0.14686318937598383,0.02747778717618865,0.0,0.02453096013392981,0.0,0.0026526558484016288,0.0,0.0002929458632295749,0.5026378216533289,0.2303632192405318,0.2550402894619819,0.022979659943460806,0.020731975165366134,99.84357658912293,0.17227908160515626,0.12035988166190484,0.09364115220043134,0.4907047282166328,0.0,1.2253306276353412e-06
67.0,0.35367220320190806,0.403793717974507,0.3944962342641279,0.7732283340470292,0.016716096378650538,80.75586189317119,0.31576242983047376,0.30824730277643314,0.3112072995677566,0.0647829678253365,0.022331983460012896,92.69013448686447,0.32836215711752326,0.32852182523157597,0.3303755315193616,0.6716974355229091,0.0202969715867321,98.05515577196492,0.17257377905540344,0.1466564246722446,0.025917354383158828,0.0,0.022842315446358213,0.0,0.002881023099731789,0.0,0.00019286581417707628,0.502610375946129,0.23033470718850244,0.2550116532155775,0.02297364098112885,0.020730962047164268,99.84845592586339,0.17360499029220472,0.11898245760079687,0.09225772827932882,0.4904139507050598,0.0,1.150022891748244e-06
68.0,0.3517199017165983,0.4006439151186576,0.39156066788420313,0.7729839332888204,0.016841868159311466,81.3634683773073,0.31502738443807005,0.30825605393787575,0.3110277738861368,0.06568878773791739,0.022398879507253174,92.41330797805034,0.327177232269222,0.32764679365178273,0.3294583124492081,0.6701788200625732,0.020385318165751235,98.48196021077608,0.1709586381306171,0.14645976766151314,0.024498870469103963,0.0,0.021268253581413658,0.0,0.003112541247129328,0.0,0.0001169960397878009,0.5025836578578652,0.23030699682234348,0.25498383087966037,0.022967726456482172,0.020729984232166127,99.85316568910548,0.1748957475342096,0.11764376317606348,0.09091362456876279,0.4901282186030719,0.0,1.0796007731780744e-06
69.0,0.34982603526378603,0.397588934163185,0.388717476197161,0.7727357909743862,0.016964271370607655,81.95480122217771,0.31430391208880903,0.30824888290139585,0.3108398333536943,0.06660737165610082,0.022464312920949973,92.14412911496665,0.3260234119021794,0.32680507833560984,0.3285708755688442,0.6686659382273729,0.020469715974764605,98.88968804713114,0.16948392462829143,0.14627267659354734,0.02321124803474408,0.0,0.019800956767440342,0.0,0.003346946436191675,0.0,6.23310605094141e-05,0.5025576374309255,0.23028006072934984,0.2549567933465311,0.022961913746514104,0.020729040943459884,99.85770957339484,0.17615280059058164,0.11634247407335505,0.08960743486881328,0.48984740519258807,0.0,1.0137706026443632e-06
70.0,0.3479883543959227,0.3946262091116235,0.385963754225405,0.7724839442617604,0.01708337343947246,82.53018616891214,0.31359142283046626,0.30822641316753124,0.31064388187772735,0.06753828212427512,0.022528384006192947,91.88206973469589,0.3248993627688244,0.3259947567626901,0.32771163139931847,0.6671588227760705,0.020550312690641857,99.27905271152369,0.16813895788285926,0.146094643647871,0.022044314234988267,0.0,0.018433164808184174,0.0,0.0035840203167061637,0.0,2.6176857601666827e-05,0.5025322858746756,0.2302538722414946,0.25493051239201975,0.0229562003152625,0.020728131383144176,99.86209137743529,0.17737754034376868,0.11507730195390645,0.08833779566306371,0.4895713879606701,0.0,9.52252496263328e-07
71.0,0.3462046919645302,0.39175319861875396,0.38329665830008064,0.7722284300390405,0.01719924099382469,83.0899450985818,0.31288935622148145,0.3081892476496313,0.3104403008199814,0.06848109530890578,0.02259118582441448,91.62664440704175,0.3238038027537611,0.3252140096749062,0.3268790778341216,0.6656575047231017,0.02062725153762387,99.65074612369106,0.16691392189887233,0.14592519273909663,0.02098872915977569,0.0,0.017158130854124095,0.0,0.0038235832427849395,0.0,6.120282608918542e-06,0.502507575522755,0.23022840543128614,0.2549049606622728,0.022950583706857368,0.02072725473692674,99.8663149818529,0.17857130336224886,0.11384699425438863,0.087103385480308,0.4893000482636508,0.0,8.947802577393531e-07
72.0,0.34447296009420203,0.3889673896182547,0.38071340743745047,0.771969284923682,0.017311939915830687,83.6343962895099,0.3121971798557225,0.30813796944461747,0.3102294506529645,0.06943540004669566,0.02265280473041123,91.37740667883516,0.32273549941016294,0.3244611158670672,0.32607179504187417,0.6641620133941458,0.02070067133475207,99.99456137405603,0.16579978980790142,0.14576387745907932,0.020035912348822106,0.0,0.01596958130826735,0.0,0.004065488460353336,0.0,1.4790130455448799e-09,0.5024834797919222,0.23020363510617295,0.2548801116595082,0.022945061539331887,0.020726410178277005,99.8703843290968,0.1797353738888106,0.11265033391660459,0.0859029242063431,0.48903327102814265,0.0,8.411011883770753e-07
73.0,0.34279114730629695,0.3862663005450459,0.3782112843844018,0.7717065452617322,0.017421535385079373,84.16385462585139,0.3115143879594298,0.3080731425570628,0.31001167248849354,0.0704007969950138,0.02271332087326371,91.13394566197546,0.321693268487833,0.3237344472405421,0.3252884406993313,0.6626723764789928,0.02077070655211179,99.65739706897801,0.16478825568481445,0.14561027914840569,0.019177976536408774,0.0,0.0148616794096985,0.0,0.004309617142315806,0.0,5.8890085729517415e-06,0.5024599731423698,0.23017953680164413,0.25485593972688386,0.022939631499119987,0.02072559687217028,99.87430340529791,0.1808709857576532,0.11148613905417512,0.08473517235298905,0.4887709444852144,0.0,7.909758215149038e-07
74.0,0.341157315777897,0.38364748418339056,0.3757876363672315,0.7714402471270361,0.01752809191259931,84.67863176193002,0.3108405000584764,0.3079953125799663,0.309787289487232,0.07137689787432534,0.02277280866340609,90.8958829304733,0.3206759724595572,0.32303246410546776,0.32452774553138986,0.6611886200819326,0.020837487374708457,99.33801101083999,0.16387167292235452,0.14546400509002647,0.018407667832328067,0.0,0.013828992094602385,0.0,0.004555874151979688,0.0,2.205740815016975e-05,0.5024370310394489,0.23015608677316407,0.25483242003261686,0.022934291336171406,0.02072481397845675,99.8780762239278,0.18197932424352953,0.1103532625628997,0.08359893029086457,0.48851295993439947,0.0,7.441775958230574e-07
75.0,0.33956959872358555,0.38110853016968693,0.37343987557488145,0.7711704263204419,0.01763167336664626,85.17903624681875,0.31017505971356046,0.30790500733550935,0.3095566081575456,0.07236332479338459,0.02283133720800013,90.66286969567919,0.31968251905171646,0.32235371071801716,0.32378850913645557,0.6597107687698764,0.020901139772900063,99.03548671306831,0.1630429984590015,0.14532468681814392,0.017718311640857576,0.0,0.012866459783604362,0.0,0.004804184432541812,0.0,4.696693223131769e-05,0.5024146299167389,0.23013326198707032,0.2548095285534751,0.0229290388596222,0.020724060654886203,99.88170681111116,0.18306152784588559,0.10925059168102927,0.08249303745187431,0.4882592115345358,0.0,7.004924800823665e-07
76.0,0.33802619788932137,0.3786470671768924,0.3711654794050616,0.7708971183690334,0.01773234299116856,85.6653736135465,0.30951763332059384,0.3078027374789624,0.30931991955157284,0.07335970964887097,0.022888970716664115,90.43458423230956,0.31871185978446004,0.3216968110400373,0.3230695960770948,0.6582388456183973,0.020961785578407922,98.74896117624748,0.16229574223885182,0.14519197853576207,0.01710376370308974,0.0,0.011969368787044046,0.0,0.005054489935107023,0.0,7.924526237822608e-05,0.5023927471404043,0.23011104011055475,0.2547872420577543,0.022923871933964668,0.020723336059817556,99.88519919245337,0.18411869001071468,0.1081770475052555,0.08141637150682318,0.4880095961187353,0.0,6.597185604480943e-07
77.0,0.33652538114916364,0.3762607648056572,0.3689619904991795,0.7706203585254113,0.017830163417823047,86.13794643714724,0.30886780897332056,0.3076889970687539,0.3090775003659604,0.0743656935919651,0.022945768879502365,90.21072953088684,0.3177629885260979,0.3210604647091374,0.3223699322173486,0.6567728722558591,0.02101954256501686,98.47762118820248,0.16162392135532036,0.14506555563460288,0.016558365720717467,0.0,0.01113332605702504,0.0,0.005306747010203794,0.0,0.00011767098788896244,0.5023713609747916,0.23008939950083976,0.25476553808784214,0.02291878847566637,0.020722639354639256,99.88855738125942,0.18515186079264573,0.1071315844678076,0.0803678475230763,0.48776401303104666,0.0,6.216655996724446e-07
78.0,0.33506548019687576,0.3739473352055045,0.36682701658967937,0.7703401817670422,0.017925196672369734,86.59705436555285,0.3082251953850786,0.3075642641055463,0.30882961395428143,0.0753809265550937,0.02300178721927462,89.99103115485241,0.3168349400657482,0.3204434432080338,0.32168850128944676,0.6553128689057903,0.021074524533160284,98.2206999265868,0.16102201839426583,0.1449451133113774,0.016076905082888414,0.0,0.01035423604749108,0.0,0.005560924198416308,0.0,0.00016115868240457632,0.5023504505492132,0.23006831919365262,0.25474439494246087,0.022913786450192583,0.02072196970592472,99.89178536802885,0.1861620484596056,0.10611318977965303,0.07934641710671603,0.4875223639826102,0.0,5.861545764493585e-07
79.0,0.3336448883255226,0.3717045344477678,0.36475823018127046,0.7700566227956941,0.018017504176221666,87.04299412708059,0.30758942086657176,0.3074290010429795,0.30857651125772434,0.07640506683272444,0.023057077419440016,89.77523528293294,0.3159267887076948,0.3198445862226373,0.32102434167391797,0.6538588544276408,0.021126841397661744,97.977473835541,0.160484943547924,0.1448303652746879,0.015654578273236092,0.0,0.009628279471809501,0.0,0.005817000364850798,0.0,0.00020874541936388182,0.5023299958258743,0.23004777889109412,0.2547237916586732,0.022908863869391193,0.02072132628734572,99.89488711111731,0.18715022104224338,0.1051208828444197,0.07835106753321769,0.48728455292532125,0.0,5.53017211912863e-07
80.0,0.33226205828910127,0.369530163670478,0.36275336808556974,0.7697697160369712,0.01810714674387207,87.4760595180035,0.30696013235653996,0.3072836552725551,0.3083184316602259,0.07743778071067911,0.023111687629708028,89.56310691938761,0.31503764689036906,0.3192627981790054,0.3203765433782665,0.6524108463560507,0.02117659927797567,97.74725975099534,0.16000800011982083,0.14472104253711005,0.015286957582710793,0.0,0.0089518937719271,0.0,0.006074963129926825,0.0,0.0002595785853676684,0.5023099775689027,0.23002775894898922,0.25470370799372466,0.02290401878920274,0.020720708281363603,99.89786652847017,0.18811730783016967,0.1041537146473043,0.07738082087026749,0.48705048594120176,0.0,5.220954892002402e-07
81.0,0.33091550024103417,0.36742207001397786,0.36081023082689834,0.7694794956399601,0.018194184576863632,87.8965413734159,0.3063369945022792,0.3071286595849447,0.3080556037738186,0.07847874213895756,0.023165662750629604,89.35442825656995,0.31416666383237274,0.31869704494987644,0.3197442452004722,0.650968860938746,0.0212239005903358,97.52941225184458,0.15958685308359338,0.14461689228727748,0.014969960796315912,0.0,0.00832175513460653,0.0,0.006334807555633653,0.0,0.00031290486490458477,0.5022903773144368,0.230008240363801,0.25468412440679117,0.02289924930766199,0.020720114880717917,99.90072749033463,0.18906420081694436,0.10321076712289115,0.07643473309597648,0.48682007114585596,0.0,4.93241171144722e-07
82.0,0.32960377974501665,0.3653781473647197,0.3589266819353281,0.7691859954769975,0.018278677254907703,88.30472752433003,0.30571968878706324,0.30696443260981765,0.30778824615958056,0.0795276324435385,0.023219044698666674,89.14899717583526,0.3133130242075081,0.31814635072205655,0.3191266320645822,0.6495329131731656,0.02126884414127967,97.32332121657488,0.1592175003961331,0.1445176768370523,0.014699823559080812,0.0,0.0077347619089550524,0.0,0.006596535052084683,0.0,0.00036806028272076766,0.5022711773417391,0.22998920475918316,0.25466502204069175,0.02289455356316053,0.02071954528972969,99.90347381286729,0.18999175609564373,0.1022911525054894,0.07551189321541046,0.4865932186045354,0.0,4.663153203110442e-07
83.0,0.3283255158542744,0.3633963369234701,0.35710064714157647,0.7688892491435654,0.01836068372470541,88.70090274367062,0.3051079127016418,0.30679137923610345,0.3075165679892068,0.08058414007304798,0.02327187265308668,88.94662587423872,0.3124759468503771,0.31760979501645037,0.318522932516597,0.6481030168419174,0.02131152522207296,97.12840956700353,0.15889624679838346,0.14442317263912113,0.014473074159262316,0.0,0.0071880192957896,0.0,0.006860152474080734,0.0,0.00042446120156710963,0.5022523606452952,0.22997063437223889,0.2546463827036197,0.02288992973294271,0.02071899872543554,99.90610925256067,0.19090079520674202,0.10139401266529943,0.07461142237804019,0.48636984025947844,0.0,4.4118782487160573e-07
84.0,0.3270793792557574,0.36147462761299975,0.35533011348696997,0.768589289958321,0.01844026228696788,89.08534868356917,0.3045013789571289,0.30660989101442615,0.30724076965187486,0.0816479603765701,0.0233241832859427,88.74713960572302,0.3116546834937484,0.31708650985300835,0.3179324163697219,0.646679184547147,0.021352035703609093,96.94413118263697,0.1586196798660728,0.1443331693706039,0.014286510495468922,0.0,0.0066788251936639965,0.0,0.007125671381580508,0.0,0.00048159618329120387,0.5022339109078662,0.2299525120395491,0.25462818885094207,0.022885376031809956,0.020718474418567452,99.90863750141658,0.19179210643996153,0.1005185184334362,0.07373247299843572,0.4861498498673142,0.0,4.1773693321255675e-07
85.0,0.32586409047619486,0.35961105633926205,0.3536131283604431,0.7682861509632636,0.01851747058208159,89.45834380611305,0.3038998147367455,0.3064203465432858,0.3069610433107472,0.08271879540922143,0.02337601097631725,88.55037552660909,0.31084851753857196,0.3165756770533137,0.3173543924888583,0.6452614277439008,0.021390464131405627,96.76996897079509,0.1583846480981371,0.14424746907849972,0.014137179019637378,0.0,0.006204657098875766,0.0,0.007393107441569176,0.0,0.0005390186303928451,0.5022158124744608,0.2299348211830275,0.2546104235671074,0.022880890711010585,0.02071797161439197,99.91106218280127,0.192666446091669,0.09966386891857862,0.072874227882263,0.48593316294543004,0.0,3.958487995926086e-07
86.0,0.3246784181472652,0.35780370811907025,0.35194779847338775,0.7679798649240416,0.018592365574815237,89.8201633094639,0.30330296098403114,0.3062231118404019,0.3066775734131433,0.08379635376242367,0.023427388009930702,88.3561816361939,0.31005676285723976,0.31607652567395245,0.3167882067049532,0.6438497567725544,0.021426895820362505,96.60543307910703,0.15818824085305935,0.14416588538302688,0.014022355470032473,0.0,0.005763159967724412,0.0,0.00766247995190827,0.0,0.0005963401333570774,0.5021980503271976,0.22991754579565418,0.2545930705477024,0.022876472057294584,0.02071748957342133,99.91338684792161,0.1935245396793277,0.09882929081776629,0.07203589935940818,0.48571969672630805,0.0,3.754170427125094e-07
87.0,0.32352117732741587,0.3560507160863505,0.35033228878211964,0.7676704643304008,0.018665003538418556,90.17107905103875,0.30271057172529414,0.30601854070048967,0.30639053715812237,0.08488035041609379,0.02347834476514227,88.16441580414303,0.30927876263044884,0.31558832956420085,0.31623323985051477,0.6424441808903698,0.021461412948986635,96.45005923828363,0.15802776996318374,0.14408824273513182,0.013939527228051926,0.0,0.0053521349589017945,0.0,0.007933811470409093,0.0,0.0006532244564224117,0.5021806100610242,0.2299006704271361,0.2545761140816884,0.022872118392114595,0.020717027572008058,99.91561497286706,0.19436708311445344,0.09801403772363851,0.07121672842583238,0.48550937011892287,0.0,3.563423186281654e-07
88.0,0.3223912278780963,0.3543502613881826,0.3487648213667702,0.7673579813967724,0.01873544003842149,90.51135946924335,0.30212241342422047,0.30580697504060544,0.3061001049249452,0.08597050661022884,0.02352890988630298,87.97494487715399,0.30851388821780845,0.31511040504192867,0.31568890590823595,0.6410447083022432,0.021494094652823138,96.30340722423264,0.15790075287459618,0.14401437572465917,0.013886377149937014,0.0,0.004969528982335801,0.0,0.008207127534663603,0.0,0.0007093821010285069,0.5021634778602688,0.22988418016953638,0.2545595390338481,0.02286782807095606,0.020716584902834033,99.91774995616473,0.1951947438354647,0.097217389430197,0.07041598389556392,0.48530210367638293,0.0,3.38531909103945e-07
89.0,0.3212874728923636,0.35270057298103075,0.3472436742745364,0.7670424480630007,0.018803729916401644,90.8412695050523,0.3015382643667071,0.3055887452340695,0.3058064406656264,0.08706654973359697,0.023579110445355995,87.78764385807075,0.3077615380621561,0.31464210868195713,0.3151546502652625,0.6396513461906949,0.0215250171168667,96.16505942961787,0.15780489717569163,0.14394412843587212,0.013860768739819512,0.0,0.004613424988248344,0.0,0.008482456460143877,0.0,0.0007645653921011265,0.5021466404759928,0.22986806064291257,0.2545433308274674,0.022863599482781174,0.0207161608753035,99.91979511680165,0.19600816190176418,0.09643865123897724,0.06963296156405524,0.4850978195690656,0.0,3.218993261655815e-07
90.0,0.3202088571739804,0.3510999273368164,0.3457671803344242,0.7667238959952083,0.01886992727395239,91.16107052455878,0.30095791407412437,0.3053641704338643,0.30550970226455093,0.0881682132274603,0.023628972092519854,87.60239515126038,0.3070211366273921,0.3141828352114269,0.314629948066182,0.6382641007451507,0.02155425366675681,96.0346195358889,0.15773808639132084,0.14387735384721387,0.013860732544106975,0.0,0.004282032936738091,0.0,0.008759829205790078,0.0,0.000818564037645441,0.5021300852041193,0.2298522979809982,0.2545274754272746,0.022859431049572575,0.020715754815849054,99.92175369267078,0.19680795105034082,0.09567715326732737,0.06886698338396585,0.48489644156257455,0.0,3.063639333668599e-07
91.0,0.3191543657652615,0.3495466480677802,0.344333725949894,0.7664023565867949,0.018934085457050498,91.47102024345396,0.3003811627433452,0.3051335588862996,0.305210041867905,0.08927523650245016,0.02367851919683375,87.41908786862899,0.3062921333695133,0.3137320155070272,0.31411430265831697,0.63688297719056,0.02158187485858736,95.91171127764183,0.1576983669316302,0.1438139132723802,0.013884453659250007,0.0,0.0039736813939905535,0.0,0.009039279297780978,0.0,0.0008712011168943975,0.5021137998643126,0.22983687881695994,0.25451195932265536,0.022855321225964162,0.020715366068159494,99.92362883939796,0.19759469971613308,0.09493224976032713,0.06811739665428546,0.4846978949999032,0.0,2.918505840780824e-07
92.0,0.3181230225220376,0.34803910547842754,0.3429417498751527,0.766077860959567,0.018996257040992386,91.77137265425385,0.2998078207120014,0.30489720823564187,0.3049076061854639,0.09038736486689293,0.0237277749772923,87.23761719116072,0.3055740017404197,0.3132891146892126,0.3136072441233724,0.6355079798153876,0.021607948567187184,95.79597729191025,0.15768393609559367,0.14375367583995458,0.013930260255639097,0.0,0.0036868097063397567,0.0,0.009320842803463241,0.0,0.0009223294565592362,0.502097772779582,0.2298217902692583,0.2544967695111605,0.022851268498947475,0.020714993993336213,99.92542362951734,0.19836897201735354,0.09420331840771881,0.06738357322357647,0.48450210678725064,0.0,2.7828927686262397e-07
93.0,0.3171138887342021,0.346575716052242,0.3415897419802362,0.7657504399649939,0.01905649381604024,92.06237795695523,0.29923770794754356,0.3046554058203224,0.3046025367670862,0.09150434946504785,0.023776761625248537,87.05788378131965,0.3048662382239803,0.3128536303087939,0.313108327889915,0.6341391119990193,0.0216325400727494,95.68707804565949,0.15769313103892416,0.14369651800902383,0.013996613029900329,0.0,0.0034199607079513808,0.0,0.009604558348523666,0.0,0.0009718283585973627,0.5020819927565877,0.22980701992763758,0.254481893482319,0.02284727138764332,0.020714637969986214,99.9271410519566,0.19913130870693113,0.09348975966707754,0.06666490870799258,0.48430900538298854,0.0,2.656148279191014e-07
94.0,0.31612606179038877,0.3451549418802818,0.34027624200947343,0.7654201241855864,0.019114846773895307,92.34428249368787,0.2986706535587871,0.3044084289612607,0.30429497025608465,0.09262594722386762,0.023825500418718008,86.87979324206812,0.3041683614037708,0.3124250906215266,0.31261713342156433,0.6327763762386094,0.021655712145708796,95.58469083535549,0.15772441862469253,0.14364232311835148,0.014082095506341033,0.0,0.0031717739219306374,0.0,0.009890467171448982,0.0,0.001019600646401043,0.5020664490666243,0.22979255583926755,0.25446731920176885,0.022843328443129175,0.020714297394257352,99.92878401180452,0.19988222809119088,0.09279099609431454,0.06596082172462092,0.4841185207893226,0.0,2.537665603713505e-07
95.0,0.31515867388539587,0.34377529003824414,0.3389998383374279,0.7650869439363908,0.01917136609509328,92.61732868782137,0.2981064953287259,0.3041565452427713,0.3039850386214744,0.09375192080702847,0.02387401182917651,86.70325561861914,0.3034799110618413,0.3120030529465508,0.31213326297614025,0.6314197741754048,0.0216775251297845,95.48850885302171,0.1577763860827221,0.14359098096684053,0.014185405115881568,0.0,0.002940979218253058,0.0,0.01017861321016467,0.0,0.0010655699994537163,0.5020511314272607,0.2297783864950571,0.2544530350957138,0.022839438248313942,0.02071397167982217,99.93035533033029,0.20062222691685205,0.09210647168248023,0.06527075314059433,0.48393058454624277,0.0,2.426880101237505e-07
96.0,0.3142108907690348,0.34243531191808896,0.337759166725955,0.7647509292665972,0.019226101137396864,92.88175498788928,0.29754507926748447,0.30390001278646495,0.30367286937094756,0.09488203857510294,0.02392231562140316,86.5281849393815,0.3028004473078261,0.3115871021047432,0.3116563404313545,0.6300693066205671,0.02169803702312204,95.39824031368488,0.15784773241072994,0.1435423874231576,0.014305344987572337,0.0,0.0027263908951229874,0.0,0.010469043216464583,0.0,0.0011096785493368692,0.502036029984613,0.22976450081615718,0.2544390300357144,0.02283559941785242,0.020713660257815774,99.93185774522797,0.20135178122739128,0.09143565120972388,0.06459416533833245,0.48374512972739053,0.0,2.323266478973373e-07
97.0,0.3132819105351326,0.34113360251985125,0.33655290908560376,0.7644121099612521,0.019279100425243844,93.13779581661251,0.29698625918436256,0.30363908051849814,0.30335858574627583,0.09601607455086345,0.023970430946885765,86.35449879285363,0.3021295497376745,0.311176848933243,0.3111860101729461,0.6287249735805196,0.021717303557483664,95.31360763955124,0.15793726045639273,0.14349644406252948,0.014440816393863246,0.0,0.0025269021532276534,0.0,0.010761806894488793,0.0,0.001151884712529813,0.5020211352962323,0.22975088814066882,0.25442529332381797,0.0228318105980926,0.020713362576732567,99.93329391106298,0.2020713471897832,0.09077801959715556,0.06393054149718869,0.4835620909375132,0.0,2.2263361698686542e-07
98.0,0.3123709624494656,0.33986879970884193,0.3353797922442159,0.764070515543073,0.01933041164029222,93.38568152522268,0.29642989627799976,0.30337398843047947,0.3030423069027103,0.0971538083888105,0.024018376431271967,86.18211793749488,0.3014668166212569,0.310771928872597,0.3107219360414538,0.6273867742818408,0.02173537827544899,95.23434669665387,0.15804386962508676,0.1434530578288505,0.014590811796236242,0.0,0.0023414799349281553,0.0,0.011056957060066059,0.0,0.0011921612377557992,0.5020064383145838,0.2297375382105698,0.2544118146780334,0.022828070467049707,0.020713078102286352,99.93466639989845,0.20278136189259904,0.0901330812772643,0.06327938489170676,0.48338140431120963,0.0,2.1356348622898147e-07
99.0,0.31147730581544236,0.33863958344303713,0.33423858672523615,0.7637261752743585,0.019380081613091394,93.62563835322534,0.2958758587437573,0.30310496783430213,0.3027241480738225,0.09829502534811804,0.024066170256317944,86.01096594185424,0.300811864118085,0.31037200062314585,0.310263800334084,0.6260547071957221,0.02175231260560046,95.16020608006926,0.1581665491630477,0.14341214072036082,0.014754408442686886,0.0,0.0021691601027304355,0.0,0.01135454981822152,0.0,0.0012304934477172804,0.5019919303711,0.22972444115887125,0.2543985842181518,0.022824377734401446,0.020712806317238514,99.93597770207894,0.20348224411641153,0.08950035957345318,0.06264021820662763,0.483203007512701,0.0,2.0507401764845476e-07
100.0,0.310600228876392,0.3374446749750809,0.3331281055379404,0.7633791181589867,0.01942815631589587,93.85788839368286,0.29532402139747416,0.30283224161113265,0.30240422072311607,0.09943951626827702,0.024113830236759035,85.84096885245533,0.30016432552037237,0.309976744867435,0.30981130285838493,0.624728770062009,0.02176815593567803,95.09094644412991,0.1583043719702159,0.14337360949727115,0.014930762472944746,0.0,0.002009042933456902,0.0,0.011654644756590058,0.0,0.0012668776569496035,0.5019776031607878,0.2297115874970143,0.2543855924519159,0.022820731141499642,0.02071254672119736,99.9372302271561,0.2041743950774269,0.08887939609117432,0.062012582868727295,0.4830268397363924,0.0,1.9712594818124555e-07
