time (steps),Gov,Info,Infer,Int,A_Econ,SI_Econ,GM,ICu,IInter,ICo,A_Emp,SI_Emp,GT,IV,IA,IInteg,A_Edu,SI_Edu,E_gov,E_info,E_inf,E_intel,A_Ecol,SI_Ecol,GTD,IVD,IAD,IID
0.0,0.6,0.5,0.55,0.5,0.009999999999999998,48.310219830100884,0.25,0.25,0.25,0.25,0.09999999999999996,20.69955391461343,0.6,0.62,0.61,0.59,0.02069955391461345,99.99999999999987,0.5057305093933067,0.23260777556638854,0.25759165284049,0.02180268005333355,0.020700000000000007,99.99784499813244,0.02287058700882122,0.22879484227329983,0.21689803982892275,0.43384437157326544
1.0,0.6016205502603729,0.5061839662360389,0.5538394673251239,0.5002712400216374,0.01095147080219036,52.90679619167478,0.2631302551012682,0.24640548005173132,0.24947052873468012,0.24099373611232033,0.18793605615656578,11.014147225356819,0.5653909585425605,0.6035301980814922,0.5922010643933169,0.5891483900890218,0.014049828339175749,67.87502956407619,0.5055934905170686,0.23251200317647772,0.2574916813120513,0.021736533705757854,0.020705435986210302,99.97159165544355,0.029489999040754056,0.22416805706305393,0.21206839331329636,0.4306488269809254
2.0,0.599438777909115,0.5112733594123988,0.556514431930856,0.5005359578212504,0.012510723865861337,60.439582019345096,0.2687599492047132,0.24388984971809452,0.24918757151851217,0.23816262955868006,0.09584448551351024,21.5970212617977,0.5365096856221273,0.5880868967776222,0.5757595392174064,0.5883018667139945,0.006928090543563338,33.46975771623881,0.505418004175823,0.23242320527473348,0.25739474172842036,0.021712985119550787,0.020716691938570727,99.91727432155615,0.03796778276350271,0.21987821090933823,0.2073852207178476,0.42951118960457385
3.0,0.594324911072908,0.5153231514312744,0.5581061892456423,0.5007918513234855,0.014731763723875283,71.16947439855207,0.27978754870648515,0.2414442195125647,0.24923131350667418,0.22953691827427608,0.03746206248401863,55.25470981060875,0.5121196154388391,0.5737046102396464,0.5606562454957054,0.5874776951501791,0.0047376928711544836,22.887898409297495,0.5052905201942922,0.23233503811417844,0.2573018159495264,0.021649547960164925,0.020720284347815036,99.89995101971756,0.04412656193607717,0.2156188360011282,0.20289595591159665,0.4264465264892457
4.0,0.5869282689156736,0.5183837022401467,0.5586868723404682,0.5010364613106738,0.017776008695543164,85.87628877834753,0.2927655805480902,0.23946446172823438,0.24970218596263882,0.2180677717610365,0.018044448121475043,87.17312554613106,0.4915635065992219,0.5600030028437862,0.5464677221435311,0.5866423862938428,0.004030212330690939,19.470044365766256,0.5051871968587888,0.23224795637166998,0.2572111728251,0.021566336820266714,0.020720209664876,99.90031109435348,0.04911813498782597,0.21141189787735554,0.19851696664446883,0.4224265780284499
5.0,0.5777417948109297,0.5204747893867251,0.5582913692760249,0.5012666299166116,0.021925277441728844,94.40954154229954,0.3047388212781069,0.2381537250942347,0.2505929914562344,0.20651446217142388,0.011385183663321379,55.00207255811293,0.4744305081006697,0.5468714064579957,0.5330575584935877,0.5857831567527315,0.003879136519702702,18.740193801781004,0.5050882099920779,0.2321627346117149,0.25712206220305345,0.021482280275104845,0.02071974419942478,99.9025553374741,0.05390021227891911,0.2072948159196183,0.1942120129042051,0.4183657878535212
6.0,0.5671244890921334,0.5215910465441951,0.5569245777613095,0.5014780934540931,0.027630624863318187,74.91525804070287,0.3149822786217962,0.2374965088113423,0.25185422475985153,0.19566698780701006,0.008643508537693795,41.75697975593412,0.46019850302872545,0.5342762922106201,0.5203658969767178,0.5848977209795615,0.003989924775932424,19.275414303086144,0.5049874317751126,0.2320789975100176,0.25703376328981475,0.021402784006747125,0.020719804895150327,99.9022626871277,0.058768830094602875,0.2032494581286856,0.18994627299488231,0.41452530565348705
7.0,0.5552780663771396,0.5216950740150893,0.5545539679359687,0.5016648628156817,0.03559027535263044,58.16070179148962,0.3234544129848832,0.23742223376225946,0.2534287125372993,0.18569464071555805,0.007397380196539671,35.73690634616665,0.4483699245633928,0.5222050157249837,0.508355697365812,0.5839869078983402,0.004246061363677742,20.512815789136972,0.5048825342546659,0.23199591278449316,0.25694540157460666,0.02132898050065185,0.0207206141040811,99.89836117133456,0.06383645236701602,0.1992356167740772,0.18567749910861608,0.4109598420497922
8.0,0.5422278798940396,0.5207029918436954,0.5510939058298643,0.5018182875827039,0.04669120158907329,44.33287902245279,0.33027587733622776,0.23785445647786937,0.2552624086881669,0.176607257497736,0.006845426514358167,33.07040597394444,0.4385099466415651,0.5106502979101862,0.49699774773682365,0.5830524154031321,0.0045910207512522925,22.179322173755324,0.5047715246166075,0.23191232400270478,0.25685581172778,0.02126088965651498,0.02072226577846882,99.89039874259794,0.06919935238487701,0.1951974243505501,0.1813493939138744,0.4076703584011228
9.0,0.5278184766178069,0.5184739273905349,0.5463944357586128,0.5019263409186097,0.06084521082551618,34.02002168087289,0.33559623349063644,0.23872379985265244,0.2573085436566719,0.1683714230000392,0.006668676954854104,32.21652496649296,0.4302472319546657,0.4996056349176517,0.4862658889945634,0.5820961786344541,0.004992120646502148,24.11704458509042,0.5046518000402498,0.231826735597087,0.25676345588056254,0.02119821128354396,0.020724869659297516,99.87784847335465,0.0749832729877849,0.19106262966024612,0.1768876626322054,0.40464235242429986
10.0,0.5118859626629195,0.514879128645546,0.5403185309183912,0.5019773700500383,0.07164864873550646,28.890361897858764,0.3395516217927896,0.23997249408719984,0.2595298728575849,0.16094601126242572,0.006721171106378092,32.47012536648481,0.42326690129663697,0.4890639525270278,0.47613541805561377,0.5811201695758632,0.005427839168293745,26.222010342270284,0.5045209964105869,0.23173781178382077,0.25666696113868087,0.02114059482271957,0.02072850525618696,99.86033078017095,0.08130242509137248,0.18676670069322426,0.1722259804394527,0.40185888853604124
11.0,0.495221093677277,0.5102319804630735,0.5332197828336152,0.5019843247783456,0.06505195151785118,31.82003526663327,0.34225576907250155,0.2415541841678819,0.26189812223110603,0.15429192452851068,0.006928634655255713,33.472386331785884,0.41730193331236637,0.4790173872853788,0.4665826416139069,0.580126334831045,0.005882848916446939,28.420172438082247,0.5043835121145774,0.23164734077244503,0.2565684086639789,0.02108787328831617,0.02073273804891608,99.83994330983025,0.0879443216547729,0.18239602624541118,0.16746488872179877,0.39931189961923264
12.0,0.48063575976450407,0.5057891759280753,0.526496705949525,0.5020140281488735,0.04835627265563143,42.8063470938404,0.34384435433159016,0.24341926945085587,0.2643809162956031,0.14835545992195087,0.007246300789217381,35.00703840821253,0.412125277642268,0.46945740739985237,0.4575848006251204,0.5791165770022655,0.006345884776003231,30.657108854520665,0.50425811832704,0.23156359245321267,0.2564770675781456,0.021040150335221663,0.020736077769567065,99.8238632428007,0.09400212309603384,0.17835012653289428,0.16305218078567224,0.3970063932642955
13.0,0.4695291700132415,0.5022521004486797,0.5209231446067124,0.5021051261638753,0.03627676923970584,57.060081006213856,0.34456732939263024,0.24548516749290303,0.2669151672495339,0.14303233586493286,0.007635374631038576,36.88666269106491,0.4075474578952618,0.46037442104504167,0.4491195136989215,0.5780927026336025,0.006808893279110458,32.893913111352276,0.5041548866541157,0.2314907702923995,0.2563976875673491,0.020996985552609898,0.020737782509481977,99.81565726783431,0.09898926790844337,0.17483207193550787,0.15921731501397868,0.39492109312740237
14.0,0.46091136710660546,0.49928653190583694,0.5161183684911044,0.5022397156557252,0.029008058854302726,71.35794235174438,0.34470677187140675,0.24766005402908572,0.2694286359711354,0.13820453812837202,0.008063350604009948,38.95422402468974,0.40342366942469143,0.4517561364574749,0.4411629967469934,0.5770562834437626,0.007266900585266534,35.10655647577151,0.5040679337005947,0.23142584982196684,0.2563269791031637,0.020957451975279186,0.02073836584411793,99.81284962471855,0.10318998420792008,0.1716957497374323,0.15580137356533375,0.39301121731588545
15.0,0.45384825468676115,0.4965596119769472,0.5117049299156337,0.5023991966136642,0.02447991902291017,84.5572809911716,0.3444595909775672,0.24987951325711666,0.2718734271712883,0.13378746859402782,0.008509895549391617,41.11149247223062,0.3996520723081797,0.4435870607654994,0.4336894466600451,0.5760086107025619,0.007717442395603213,37.28313386577317,0.5039914703044494,0.231365983011015,0.2562618293446829,0.02092084646105422,0.02073831088994419,99.81311411745901,0.10688394768465187,0.1688035709398209,0.15265397441124506,0.39124279687668345
16.0,0.4478033269742045,0.49389405720289065,0.5074799120542637,0.5025729623455931,0.02149796035426554,96.28612935136563,0.343952092141391,0.2521022417788134,0.2742221695974971,0.1297234964822985,0.008962945997773293,43.30018914777508,0.39616074106822463,0.43584969140993624,0.4266721546794189,0.5749507700039814,0.008159543245598137,39.418932790806096,0.5039221698691653,0.23130954087767558,0.2562004650519441,0.020886705671963893,0.020737890505532753,99.81513746102044,0.11023186694754783,0.16607683907051318,0.14968945193931593,0.38959344785055655
17.0,0.44246789004134285,0.49120128118108886,0.5033397450915413,0.5027550183593995,0.019440326680646606,93.91664555110133,0.343268417440237,0.2543010388279346,0.2764597840869408,0.12597075964488766,0.009415085598854647,45.48448549998851,0.39289749963281617,0.4285255328933106,0.42008445316351384,0.5738837036154298,0.008593002589429074,41.51298440959448,0.503858123013227,0.2312555968915183,0.2561418835618781,0.020854705905810435,0.020737257026052856,99.81818660302051,0.11332598463735588,0.16347079324074443,0.1468593672762547,0.38804753211317117
18.0,0.4376533374492652,0.48843828204854295,0.49923183478266747,0.5029417736665601,0.01796722948618309,86.8000806215376,0.3424669463488194,0.25645750037867376,0.27857861939830575,0.12249693387420112,0.009861628931280234,47.64174615530311,0.3898236818487729,0.4215957158940796,0.4139002626096572,0.572808247359994,0.009017986870805761,43.566092815359,0.5037981643992381,0.23120359716552838,0.2560854892448985,0.02082460512013607,0.020736499412087748,99.821833489153,0.11622259845986871,0.16095867504706524,0.14413494542579952,0.38659335654018395
19.0,0.433237666926512,0.48558632190492634,0.49513065763834646,0.5031309522052366,0.016881097179576022,81.55295157186139,0.3415893545100464,0.25855903085550586,0.2805757157528947,0.11927589888155293,0.01029959725530691,49.75758075653807,0.3869101925138688,0.41504138045413774,0.4080944020310857,0.5717251533651061,0.009434802498988253,45.579738277970776,0.5037415390328367,0.23115319537247495,0.25603091182562693,0.020796212573912023,0.020735671749035716,99.82581787144672,0.11895818235867883,0.1585237533448231,0.14149829830303173,0.385221706390564
20.0,0.4291381814300381,0.48264012788690874,0.49102566951910703,0.5033210436454392,0.01606060327989586,77.58912750558085,0.34066593054415845,0.2605970542589469,0.2824511758435225,0.11628583935337214,0.01072712632131382,51.822983072793214,0.3841348880490029,0.40884392457048213,0.40264276588631,0.5706351052743718,0.009843773320918181,47.55548530912397,0.5036877325162952,0.2311041676062092,0.2559779129349823,0.020769372040705364,0.020734807851418766,99.82997702675634,0.12155758700108804,0.15615521117874576,0.13893791024523583,0.38392503433099323
21.0,0.42529667424759715,0.4796020934043861,0.48691482964798555,0.5035110087397296,0.015427880121468349,74.53242801805797,0.33971890411851635,0.2625658719389791,0.2842071355788705,0.11350808836363403,0.01114309887362473,53.83255561733604,0.3814807604772307,0.402985170447249,0.3975224210000959,0.5695387291350266,0.010245179280524958,49.49468632409557,0.5036363792608417,0.23105636563697723,0.2559263349938601,0.020743951870482245,0.020733929205993196,99.83420753954424,0.1240384740610399,0.15384588753683792,0.13644616857124003,0.3826969803193956
22.0,0.4216708924361116,0.4764789859047997,0.4828009393663162,0.50370011124056,0.01493120322388113,72.13297100736087,0.33876464363046677,0.2644618934611954,0.28584708196408687,0.110926380944251,0.01154690450998011,55.783349523432264,0.3789346393564333,0.39744747668572594,0.3927116524499167,0.5684366015965102,0.010639230773304413,51.39835774815106,0.5035872097928672,0.23100968966266866,0.2558760715611796,0.020719838736178157,0.020733049544353035,99.83844330440654,0.12641386186781733,0.15159096095720676,0.13401793108902926,0.38153206950037255
23.0,0.4182293537716187,0.47327998997486015,0.4786894793589897,0.503887816700184,0.014535305399985198,70.22037991709375,0.3378151697875533,0.26628309690521884,0.2873753847895008,0.10852634851772691,0.011938277371308554,57.67408042006353,0.37648624326641433,0.39221381299253877,0.3881899754008352,0.5673292563172873,0.011026063281236568,53.267154097714226,0.5035400188905317,0.23096407159812418,0.25582704926143995,0.020696933491299002,0.020732177604004802,99.84264224427115,0.1286936647336258,0.149387142230839,0.1316496530120313,0.3804255120849982
24.0,0.4149480582948679,0.47001550317827295,0.4745872901789315,0.5040737287058806,0.014215669240700052,68.6762106050223,0.33687923248050095,0.2680286381252973,0.2887969670625036,0.10629516233169825,0.012317184248154015,59.50458787161765,0.3741274755676825,0.38726780790442594,0.3839381236075423,0.566217189109891,0.011405742898499147,55.1013946752106,0.5034946454650214,0.23091946439984495,0.2557792163272304,0.020675148305204963,0.02073131886035725,99.84677797897089,0.1308856648944708,0.14723215867596517,0.12933883344524855,0.37937306495575546
25.0,0.41180832525088973,0.46669637793938556,0.4705017510358483,0.5042575471884038,0.013955004054512337,67.41693136034402,0.3359630963553479,0.2696985611355483,0.2901170693304037,0.10422127317870014,0.012683746714219995,61.27545920332879,0.37185189544518416,0.3825937766189185,0.3799380217720718,0.5651008621587787,0.01177827707640203,56.901115478082026,0.5034509594063649,0.23087583502883138,0.25573253511612953,0.020654404608652692,0.020730476645090055,99.85083444531433,0.13299614799168064,0.14512441417125055,0.12708365387503068,0.3783709324152264
26.0,0.4087953286304521,0.4633334393561645,0.4664402654502087,0.5044390403641342,0.013740981306720742,66.38298276089861,0.3350711250560656,0.27129357964239365,0.2913410796529389,0.10229421564860189,0.013038186839179287,62.98776723866798,0.36965431730909243,0.3781767339619806,0.3761727468022509,0.5639807075344665,0.012143627237216301,58.66613013647203,0.5034088527459987,0.23083315970564536,0.25568697712131916,0.020634631573818254,0.020729652883191764,99.85480235126008,0.13503033001028453,0.14306275992681272,0.12488273713072223,0.3774156927556664
27.0,0.4058970831221515,0.45993717991937544,0.46240994241358946,0.5046180254460074,0.013564728735567006,65.53150271509286,0.3342062223316424,0.27281491006009995,0.29247441062504276,0.10050445698321492,0.013380789487829272,64.64288816573354,0.36753050566920065,0.3740023961937588,0.37262648162393547,0.5628571301601729,0.012501721354312531,60.39609068815051,0.5033682335982398,0.23079142066430947,0.2556425196044246,0.02061576495879405,0.02072884858478947,99.85867680948982,0.13699264996782307,0.1410463376643778,0.12273498471644528,0.3765042424363972
28.0,0.40310372972715075,0.4565175708623665,0.45841740535456327,0.5047943551887129,0.013419801781444864,64.8313574137981,0.33337016908367545,0.2742641426019207,0.29352241073413576,0.09884327758026812,0.013711876364409572,66.2423761447791,0.36547694189364255,0.3700571744432532,0.3692844642439688,0.5617305103441894,0.012852465490166689,62.09054331887382,0.503329021947382,0.23075060391589683,0.2555991433143283,0.02059774620772089,0.020728064175023746,99.86245574999387,0.13888697344066497,0.1390744715758132,0.12063946660647862,0.37563375261098897
29.0,0.40040702574343345,0.45308395191606865,0.454468686071068,0.5049679084209131,0.01330146725256777,64.2596807034437,0.3325638834139154,0.27564314101075166,0.2944903010944572,0.09730267448087586,0.014031788379111856,67.7878781204349,0.3634906456119306,0.3663281619104433,0.3661329340751445,0.5606012059623352,0.013195753826388842,63.748976817674006,0.5032911466906593,0.23071069770770997,0.25555683094844545,0.020580521734598185,0.020727299714876635,99.86613885723233,0.14071673541906138,0.13714659388572098,0.11859534690914592,0.3748016345279736
30.0,0.39779997671015077,0.4496449743335764,0.45056917555575526,0.5051385833554884,0.013206198215586792,63.79943389148841,0.3317876228774555,0.27695396411927536,0.2953831311014764,0.0958752819017929,0.014340873888894363,69.28107701282407,0.36156903797332457,0.3628031164909432,0.36315907702742256,0.5594695543547281,0.013531477040310338,65.37086304433555,0.5032545435507371,0.23067169146904834,0.2555155661285857,0.02056404234189747,0.020726555047701364,99.86972686475974,0.14248504115517763,0.13526219392123146,0.11660183439047411,0.37400551144393535
31.0,0.39527656821212487,0.4462085801534555,0.4467236127836776,0.505306292859604,0.013131315632388346,63.43767448591214,0.33104114283844516,0.2781988042288149,0.296205748271972,0.09455430466076804,0.01463948105438731,70.72365479360482,0.35970983715730165,0.35947044011137086,0.36035097048704806,0.5583358739866213,0.013859529063860105,66.95568958167541,0.5032191535968715,0.23063357510036842,0.25547533273585527,0.020548262740030902,0.02072582989488872,99.87322109460246,0.14419473760619733,0.13342078377118016,0.11465815034315524,0.37324319540893
32.0,0.39283156849179846,0.44278200589980793,0.4429360984270084,0.5054709611159889,0.013074733896304478,63.1643268750541,0.3303238211357403,0.2793799385654527,0.29696277875561033,0.09333346154319666,0.01492795305072332,72.1172693493869,0.35791097885125,0.35631915578079604,0.35769752901298474,0.5572004659123978,0.014179812355647314,68.50298520509025,0.5031849221944441,0.2305963385055267,0.25543611449613235,0.02053314114365428,0.020725123916778467,99.87662316390617,0.1458484641825583,0.13162187568865197,0.11276350856079054,0.37251266776379327
33.0,0.3904603815034363,0.4393718024205949,0.43921012440624685,0.5056325212727529,0.01303478078165005,62.97131249986883,0.3296347566456157,0.280499690987996,0.29765861588658504,0.09220693647980323,0.015206625229820765,73.46354077265997,0.3561705561203672,0.35333888314340894,0.3551884513554066,0.5560636150738197,0.014492241860212635,70.01233900978627,0.5031517982562363,0.23055997129576863,0.2553978947394097,0.02051863892754211,0.02072443675001908,99.87993480495612,0.14744868891901486,0.12986496779063306,0.11091710371166885,0.37181206251539084
34.0,0.38815893600374796,0.43598386498898645,0.4355486129098189,0.505790913793303,0.013010070953580224,62.8519387772671,0.3289728474374457,0.2815604017944304,0.29829741479191435,0.09116933597620962,0.015475823593023482,74.76404398308263,0.3544867743699095,0.3505198131449751,0.35281416922781755,0.5549255914575503,0.014796747840717724,71.4834140955644,0.5031197337056805,0.230524462614295,0.25536065627835763,0.020504720329459363,0.02072376802920109,99.88315776091709,0.1489977344051202,0.12814953558276376,0.10911810547210632,0.37113965198228643
35.0,0.38592360045191815,0.4326234695091777,0.4319539604364688,0.5059460852987202,0.012999418013890311,62.80047419144145,0.32833685283732517,0.28256440397226357,0.2988830915533639,0.0902156516370474,0.01573586412258539,76.02030549786978,0.35285791806013683,0.3478526822898218,0.35056579813086053,0.5537866511322795,0.015093277766300905,72.9159566846771,0.5030886830882504,0.23048980104458439,0.2553243813671184,0.020491352190752002,0.020723117398219897,99.88629373103635,0.15049779655902784,0.12647502753038742,0.10736565653582042,0.37049383426261456
36.0,0.38375111646305743,0.4292953119031786,0.42842808379212205,0.50609798775319,0.013001774144765782,62.8118567114957,0.32772544269782766,0.2835140046112143,0.29941932577826014,0.08934122691269793,0.015987052657403727,77.23380283145728,0.3512823265637595,0.34532874685787407,0.3484350904231056,0.5526470371821457,0.015381797421197994,74.30980148001542,0.5030586032856741,0.23045597457600803,0.2552890517126118,0.020478503727724494,0.020722484515142286,99.88934434714085,0.1519509584339397,0.12484086339738876,0.10565887316008538,0.36987312218927676
37.0,0.38163854568484873,0.4260035486505233,0.42497246596599964,0.5062465778854591,0.01301618935909435,62.88149692880682,0.32713723641860976,0.28441147047732274,0.29990956570283045,0.08854172740123713,0.016229685096688446,78.4059654794331,0.3497583771146265,0.3429397573663694,0.3464143907551999,0.5515069805502719,0.015662291384516688,75.66487398290965,0.503029453300975,0.23042297060780095,0.25525464851878793,0.020466146328556062,0.020721869053152216,99.89231116902846,0.1533592006027929,0.12324643443803818,0.10399684730359937,0.3692761335189216
38.0,0.3795832264884304,0.42275183710282516,0.42158820052659624,0.5063918167702678,0.013041784528643246,63.0051477555564,0.32657083370096607,0.2852590169596847,0.3003570351534304,0.08781311418591882,0.01646404778530255,79.5381767801252,0.3482844732283046,0.34067793349350683,0.34449659392340265,0.5503667008039643,0.015934763010210625,76.98119039638355,0.503001194091952,0.2303907759779372,0.25522115255018013,0.02045425337172499,0.020721270699300867,99.89519569044491,0.15472440920292085,0.12169110479197198,0.1023786496967325,0.36870158215998244
39.0,0.3775827379482662,0.4195433746650234,0.4182760336910019,0.5065336695162873,0.013077733962328471,63.17882025996649,0.3260248385982523,0.2860587997622037,0.3007647418432494,0.08715161979629443,0.016690417984019826,80.63177618642673,0.34685903731180073,0.3385359396276711,0.34267510515259425,0.5492264068312871,0.016199234017990897,78.25885564883889,0.5029737884375973,0.23035937700744247,0.2551885442053813,0.020442800062796983,0.02072068915218585,99.89799935022818,0.1560483823893815,0.12017421362493252,0.10080333339120462,0.36814827028788843
40.0,0.3756348693515477,0.4163809362721363,0.41503640358445953,0.5066721050234756,0.013123254493587705,63.39873094715814,0.32549787810587666,0.28681290883603655,0.30113548659755807,0.08655372646052864,0.016909064362612365,81.68806164791282,0.3454805064441943,0.33650686116310063,0.3409438027841343,0.5480862974772522,0.016455743788513628,79.49805998909108,0.5029472008268719,0.23032875955355636,0.255156803594134,0.020431763287084806,0.02072012411926704,99.90072354521037,0.15733283570828166,0.11869507769705762,0.09926993748430668,0.36761508122701764
41.0,0.37373759401310624,0.4132669098291298,0.41186947646049393,0.5068070957845476,0.013177598912543687,63.661270029788405,0.3249886162919396,0.28752336414347146,0.3014718731887583,0.08601614637583062,0.01712024747768071,82.70829191924855,0.34414733051947766,0.3345841816286753,0.3392970033179722,0.5469465621266464,0.016704348440588233,80.69907452834207,0.5029213973627171,0.2302989090672258,0.25512591061390005,0.020421121476168775,0.020719575314240495,99.90336964284536,0.15857940673398002,0.11725299414039203,0.09777749081799747,0.3671009730022738
42.0,0.37188904654155186,0.4102033294481229,0.4087751798248903,0.5069386177136418,0.013240052221819204,63.96298333981015,0.3244957647825654,0.28819211291803176,0.3017763185304573,0.08553580376894554,0.017324220213527468,83.69368869005895,0.34285797211008323,0.33276176070912483,0.3377294287392708,0.5458073812395222,0.016945119754472448,81.86224603859492,0.5028963456765998,0.23026981065188132,0.25509584502330707,0.020410854486629444,0.020719042454701145,99.90593899244944,0.159789659197421,0.11584724329839297,0.09632501552712891,0.36660497248063534
43.0,0.37008750295423354,0.4071919064310947,0.4057532325213383,0.5070666499911581,0.013309929662493555,64.30056279182442,0.32401809026992956,0.28882102814398036,0.30205106303269535,0.08510981855339478,0.017521228175368234,84.6454384845397,0.34161090754380374,0.33103381319602787,0.33623617604599887,0.5446689268445446,0.017178143993510673,82.9879912599628,0.5028720148505439,0.2302414491214872,0.2550665865109295,0.020400943489618434,0.02071852526019987,99.90843293454436,0.16096508675283222,0.11447709153033409,0.09491153036226696,0.36612617003629805
44.0,0.36833136320778015,0.40423405802214213,0.40280317190920406,0.5071911749178296,0.013386575793130661,64.67084193384495,0.32355441959534953,0.28941190802504085,0.30229818096214156,0.08473549141746811,0.017711510031368224,85.56469431384362,0.34040462879511363,0.32939488888842455,0.3348126888843395,0.5435313629946877,0.01740352066629518,84.07679092064242,0.5028483753447156,0.230213809056579,0.2550381147585835,0.020391370870105136,0.02071802345072386,99.91085280816307,0.1621071164760734,0.11314179391850232,0.09353605374748442,0.36566371468326064
45.0,0.3666191358230494,0.401330934002034,0.3999243783069053,0.5073121777738648,0.013469364144048802,65.07079427706763,0.3231036428668975,0.289966476249937,0.3025195906843047,0.08441029019886091,0.01789529780453957,86.45257708624285,0.3392376458795847,0.3278398534488612,0.33345473119245156,0.5423948461891898,0.01762136126301604,85.12918363219295,0.5028253989293703,0.23018687485750408,0.2550104094987983,0.02038212013480327,0.020717536745582067,99.91319995620387,0.16321711215231066,0.11184059684024383,0.09219760655680986,0.3652168096272373
46.0,0.36494942435667826,0.3984834412273466,0.39711609689677235,0.507429646680857,0.01355769713694128,65.49753290755628,0.32266471499528343,0.29048638289337436,0.3027170646916176,0.08413183741972463,0.01807281711825034,87.31017679318846,0.3381084895112055,0.32636387020956553,0.3321583627494082,0.54125952576517,0.017831787992527402,86.14575978827523,0.5028030586204408,0.23016063079441954,0.25498345056643984,0.02037317582791387,0.02071706486265393,99.91547572903497,0.16429637738776554,0.11057274038339526,0.09089521460818878,0.3647847081951827
47.0,0.3633209155191349,0.39569226623270115,0.39437745729564594,0.5075435724653561,0.013651006076157664,65.94831044412199,0.32223665596924334,0.2909732058168896,0.30289223934311166,0.08389789887075531,0.018244287400564548,88.13855349648134,0.33701571384009316,0.3249623829146967,0.3309199165244777,0.5401255442618895,0.018034932540717006,87.12715556630788,0.5027813286183435,0.2301350610538344,0.25495721794466103,0.02036452345392923,0.020716607517948158,99.9176814866046,0.16534615856599738,0.10933746059472899,0.0896279108833345,0.36436671010593247
48.0,0.3617323687702827,0.3929578960218065,0.39170749099452756,0.5076539485237542,0.01374875109703549,66.42051878871254,0.3218185501394723,0.29142845245567156,0.3030466242593693,0.0837063731454868,0.018409922053266227,88.93873814483139,0.3359578991347805,0.32363109937780016,0.3297359777218622,0.5389930377602689,0.018230934865851985,88.07404710775604,0.5027601842497557,0.2301101497816322,0.2549316918054681,0.020356149406831402,0.020716164425415896,99.9198185993248,0.16636764766064271,0.10813399155839248,0.08839473748750903,0.3639621580497688
49.0,0.3601826072441767,0.39028063717415895,0.38910514686371617,0.5077607706885847,0.01385042100943314,66.91168837051629,0.32140954473615496,0.2918535618958444,0.30318161133131233,0.08355528203668837,0.018569928591507676,89.71173324850118,0.3349336543109201,0.3223659760283893,0.32860336441722365,0.5378621361999631,0.018419942042535057,88.98714493325863,0.5027396019122173,0.23008588112261102,0.2549068525452579,0.020348040905094046,0.020715735296966114,99.9218884479806,0.16736198491173732,0.1069615673060973,0.08719474736634014,0.3635704345483443
50.0,0.35867050986924104,0.38766063339152096,0.3865693049093991,0.5078640370965731,0.013955533008947902,67.41948675085025,0.3210088478078279,0.29224990716238775,0.30329848331373016,0.0834427617160542,0.01872450875976592,90.45851343949415,0.3339416192384451,0.3211632033176905,0.3275191096845246,0.5367329636760244,0.018602107162607306,89.86718863286535,0.5027195590214587,0.23006223925663977,0.25488268081570864,0.02034018593196008,0.020715319842635097,99.92389242289552,0.16833026137031648,0.10581942356383289,0.0860270057981406,0.3631909590694828
51.0,0.35719500456079567,0.38509788160316777,0.38409878845523554,0.5079637480588931,0.014063632249906574,67.94171656026832,0.32061572573750274,0.2926187976513078,0.3033984219847077,0.08336705462648185,0.018873858629333124,91.180025942533,0.33298046678324933,0.3200191919508015,0.326480445114655,0.5356056387169434,0.018777588298656354,90.71494185872187,0.5027000339613789,0.23003920843156755,0.2548591575504103,0.020332573180522846,0.020714917770869708,99.92583192254862,0.16927352131497198,0.10470679934172544,0.08489059168045548,0.3628231853740383
52.0,0.3557550623717843,0.3825922467424018,0.38169237490918406,0.508059905934103,0.014174291287161177,68.47631280186403,0.3202295004648019,0.29296148165121216,0.30348251586061764,0.08332650202336823,0.019018168682000722,91.87719097933952,0.3320489045583526,0.3189305599106292,0.3254847856308307,0.5344802745456659,0.018946547533631883,91.53118763712122,0.5026810060366022,0.23001677299304496,0.2548362639876153,0.020325192003186436,0.020714528788889852,99.92770835180927,0.17019276454384163,0.10362293837471415,0.08378459862913351,0.3624665990743112
53.0,0.3543496924954873,0.38014347529966364,0.37934880526240505,0.508152515004217,0.014287109400883733,69.02133958933942,0.319849546519627,0.29327914890935153,0.30355176746336243,0.08331953710765902,0.019157623883989647,92.55090212579313,0.33114567637419723,0.31789412023783525,0.3245297155096685,0.5333569793249944,0.0191091500583474,92.31672400851483,0.502662455427538,0.2299949174114273,0.2548139816894697,0.020318032365122855,0.02071415260310226,99.92952311992407,0.17108894854571738,0.10256709042224987,0.08270813590740139,0.3621207153855557
54.0,0.35297793802153316,0.37775120775019017,0.37706679245398217,0.5082415813543113,0.01440171182193562,69.57498640474726,0.31947528795303515,0.2935729332056899,0.30360710014228953,0.08334467869898551,0.019292403753571424,93.20202663860991,0.33026956338890595,0.3169068695304879,0.3236129755210498,0.5322358563886384,0.019265563337281865,93.07235999748191,0.5026443631478571,0.22997362630593357,0.25479229255806596,0.020311084801381156,0.02071378891954349,99.93127763836273,0.1719629905543298,0.10153851243542245,0.08166032920136318,0.3617850770539106
55.0,0.3516388723539086,0.3754149899468666,0.3748450287227369,0.5083271127560008,0.014517748876373695,70.13556396558135,0.31910619523409417,0.2938439149058333,0.30364936445785917,0.08340052540221338,0.01942268242524636,93.83140576538888,0.3294193849676633,0.3159659771270841,0.32273245110426735,0.5311170044590391,0.019415956342026815,93.79891190949571,0.5026267110042953,0.2299528844662348,0.25477117884863265,0.020304340377336447,0.02071343744433454,99.93297331860813,0.17281576949026584,0.10053646959989443,0.08064032125721049,0.3614592524456833
56.0,0.3503315962070009,0.37313428356188544,0.3726821920557162,0.5084091185550533,0.014634895067182402,70.70149978860411,0.31874178216712873,0.29409312346984157,0.30367934413784836,0.08348575022518137,0.019548628712807995,94.43985504927765,0.32859399926637206,0.3150687749369701,0.32188616150243043,0.5300005178529785,0.019560498850900974,94.4971999473462,0.5026094815586837,0.22993267687164173,0.25475062318015407,0.02029779065219631,0.020713097884134026,99.93461156995266,0.17364812779532068,0.09956023626286548,0.0796472723942544,0.3611428337843366
57.0,0.3490552351029724,0.3709084756541525,0.3705769518320925,0.5084876095633399,0.014752848110019708,71.27133353151406,0.31838160287164013,0.2943215398991955,0.30369776161976925,0.08359909560939506,0.01967040617314001,95.02816463717676,0.3277923035588438,0.3142127478828686,0.32107224978160426,0.528886486675879,0.019699360812630438,95.16804513706515,0.5025926580920989,0.22991298870805707,0.2547306085436877,0.02029142764530845,0.020712769946580504,99.9361937973474,0.17446087316433578,0.09860909675203866,0.07868036090674468,0.36083543552280356
58.0,0.34780893730091694,0.3687368874331379,0.3685279737512468,0.5085625979552577,0.014871327938043884,71.84371218524211,0.31802524885698774,0.29453009910861844,0.30370528319538076,0.08373936883901309,0.019788173172163664,95.59709959833316,0.32701323432937884,0.31339552492114314,0.32028897366563214,0.5277749970056106,0.0198327117715323,95.81226655097551,0.5025762245710306,0.2298938053828511,0.25471111830862536,0.020285243805036938,0.020712453340716117,99.93772139934126,0.17525478017972673,0.09768234609426629,0.07773878336634266,0.3605366928398926
59.0,0.34659187209519077,0.36661878228406386,0.3665339241246952,0.5086340971687064,0.014990075689010006,72.41738518059245,0.31767234621540913,0.2947196922131479,0.3037025237747743,0.08390543779666867,0.019902082953980695,96.14740025837112,0.3262557671539882,0.31261487060654575,0.31953469712198046,0.5266661310665444,0.019960720351312997,96.43067881390996,0.5025601656154522,0.22987511253781284,0.2546921362271218,0.020279231979995736,0.020712147777387717,99.93919576612888,0.17603059185395853,0.09677929064121893,0.07682175483607273,0.360246260250572
60.0,0.3454032284269883,0.3645533731139626,0.3645934736032374,0.5087021218106488,0.01510885268595395,72.99119946390458,0.31732255294990813,0.29489116872393073,0.30369005128861154,0.0840962270375496,0.02001228371393809,96.67978255226971,0.3255189163939823,0.31186867716944255,0.3188078826382277,0.5255599673945195,0.020083553794373196,97.0240898775826,0.5025444664686899,0.22985689606032145,0.2546736464368952,0.02027338539244703,0.02071185296962191,99.94061827772471,0.17678902108519495,0.09589924860907839,0.07592850900561493,0.3599638103208382
61.0,0.3442422137595563,0.36253982907320526,0.36270530040319277,0.508766687567245,0.015227439421007162,73.56409458784003,0.3169755564477529,0.2950453386487338,0.3036683907477643,0.08431071415574914,0.020118918676071157,97.19493839849201,0.3248017347254087,0.3111549570748574,0.3181070841329563,0.5244565809933311,0.02020137755337965,97.59329904746367,0.5025291129689818,0.2298391420928753,0.25465563346258496,0.020267697613689302,0.020711568632972292,99.94199030227124,0.17753075203124863,0.09504155053889862,0.07505829825689381,0.3596890324787072
62.0,0.34310805317337867,0.3605772817025752,0.3608680930888065,0.5088278111185164,0.015345634550262353,74.13509785555658,0.31663107110562616,0.29518297449522074,0.30363802797992145,0.0845479264192317,0.020222126175157583,97.69353609539002,0.3241033125270528,0.31047183603408146,0.317430940448786,0.5233560434832919,0.020314354931801188,98.13909524620097,0.5025140915226274,0.22982183704110956,0.25463808221583467,0.020262162541275316,0.020711294485838354,99.9433131944845,0.17825644140680202,0.09420553968392559,0.07421039366809407,0.35942163191361215
63.0,0.34199998864316417,0.3586648305518146,0.35908055296178604,0.5088855100574631,0.015463253906156205,74.70331954950727,0.3162888361087012,0.29530481317669016,0.30359941306275123,0.08480693765185748,0.0203220397434315,98.1762207401223,0.3234227771485669,0.30981754644103715,0.3167781693790865,0.522258423242372,0.020422646770100205,98.66225549760411,0.5024993890786232,0.22980496758042449,0.2546209779942531,0.020256774377914344,0.020711030249756065,99.94458829423623,0.17896671970867717,0.09339057232981374,0.07338408496346399,0.3591613285571631
64.0,0.3409172784635248,0.35680154831178074,0.35734139610341925,0.5089398028135388,0.015580129532556641,75.26794826992585,0.31594861336293484,0.2954115578212723,0.3035529634729884,0.08508686534280456,0.020418788201859897,98.64361466961223,0.3227592920788863,0.30919042120703544,0.31614756218352347,0.5211637855403801,0.020526411174306775,99.16354361537998,0.5024849931046974,0.2297885206613403,0.2546043064793908,0.020251527611925398,0.020710775649660413,99.94581692527207,0.1796621923737059,0.09259601805332929,0.07257868041556642,0.35890785613883996
65.0,0.33985919679482224,0.3549864854988803,0.35564935510977513,0.5089907085803661,0.01569610874663147,75.82824640269358,0.3156101855775623,0.2955038794865912,0.30349906697040974,0.08538686796543679,0.02051249575576771,99.09631792251498,0.32211205603352466,0.30858888796900424,0.3155379785510154,0.520072192666609,0.02062580328377401,99.64370908115394,0.5024708915646463,0.22977248351368787,0.25458805373385707,0.020246416999119825,0.020710530414121384,99.9470003940581,0.18034344087351817,0.09182125992479162,0.0717935067059895,0.35866096131073616
66.0,0.338825033304802,0.3532186747272824,0.3540031805560415,0.509038247247563,0.015811053230620428,76.38354573166998,0.3152733544930275,0.29558241878265806,0.30343808423510293,0.08570614248921139,0.02060328209450934,99.53490872073277,0.32148030197768646,0.3080114636476861,0.3149483419719044,0.5189837040513374,0.020720975075009727,99.89662088623359,0.5024570728968956,0.22975684364973623,0.2545722061976889,0.020241437546001773,0.02071029427555387,99.9481399887537,0.1810110237503159,0.09106569465917524,0.07102790874993903,0.35842040283596943
67.0,0.3378140928853341,0.3514971346015158,0.3524016422220705,0.5090824393365377,0.015924838155820385,76.93324320664614,0.3149379392483034,0.2956477874063193,0.3033703512757602,0.08604392206961715,0.02069126249481974,99.95994396870636,0.3208632961004619,0.30745674933368095,0.31437763548418063,0.5178983763815477,0.02081207519859614,99.4593461588573,0.5024435259942021,0.229741588866353,0.2545567506840735,0.020236584494184563,0.020710066970403587,99.9492369783005,0.18166547759745477,0.09032873272047182,0.07028124948959313,0.3581859508358331
68.0,0.33682569542685625,0.34982087325941086,0.3508435301076323,0.509123305940106,0.016037351340404266,77.47679687474934,0.314603774880664,0.2957005695909632,0.30329618162597244,0.08639947390240041,0.02077654792743242,99.62941864506115,0.3202603367537117,0.306923425480548,0.31382489776143907,0.5168162637111936,0.020899248846338665,99.04448751630503,0.5024302401844248,0.22972670724628602,0.2545416743745152,0.02023185330592934,0.020709848239309905,99.95029261162357,0.18230731798841054,0.08960979838360716,0.06955290966060401,0.35795738609116556
69.0,0.3358591756360059,0.3481888915929297,0.34932765526268517,0.5091608686657753,0.01614849244211866,78.01372198034754,0.3142707109503923,0.29574132347543836,0.3032158683446867,0.08677209722948263,0.020859245166522714,99.23443417710253,0.3196707533676531,0.3064102473854663,0.3132892195129025,0.515737417566327,0.02098263764592676,98.65086679715746,0.5024172052122953,0.22971218715864902,0.25452696481352743,0.02022723965072024,0.0207096378272473,99.95130811693572,0.18293704035747077,0.08890832975791124,0.06884228753568089,0.3577344993937938
70.0,0.3349138828844425,0.3466001861722184,0.3478528504551143,0.5091951495825392,0.01625817218642347,78.54358723617501,0.3139386102825861,0.2957705823962646,0.3031296858361349,0.08716112148501448,0.02093945690152005,98.85430177088685,0.31909390535363724,0.30591604093918034,0.31276974016831566,0.5146618870453701,0.021062379580534165,98.27737571372957,0.5024044112221215,0.22969801725868863,0.2545126099029238,0.020222739392797208,0.020709435483647017,99.95228470113828,0.18355512083526598,0.08822377877585419,0.06814879864877771,0.35751709094424006
71.0,0.333989181079051,0.3450537518961943,0.3464179706958436,0.5092261711710276,0.016366311630238363,79.06601126647523,0.3136073478181086,0.2957888561072607,0.3030378915036742,0.08756590457095643,0.02101728185082784,98.48825391185443,0.3185291810031869,0.3054396986281309,0.3122656448228118,0.5135897189148021,0.021138608930936654,97.92297110108949,0.5023918487413689,0.2296841864869035,0.2544985978957724,0.020218348579574007,0.020709240962499955,99.95322354931272,0.184162017042039,0.0875556111504951,0.06747187550303263,0.3573049697921942
72.0,0.33308444854559643,0.3435485843911339,0.3450218936389496,0.5092539562768521,0.0164728414611353,79.58065922138468,0.31327680956577497,0.29579663193068306,0.3029407272511053,0.08798583125243657,0.02109281487699528,98.13556908039446,0.31797599639104585,0.3049801757727784,0.3117761614189812,0.5125209577005087,0.02121145623787495,97.58667053538983,0.5023795086650578,0.22967068406758193,0.2544849173900722,0.02021406343087481,0.020709054022442785,99.95412582429373,0.18475816884134882,0.08690330630483156,0.06681096726526803,0.35709795331653127
73.0,0.3321990779195075,0.3420836821770344,0.3436635198723792,0.5092785280669937,0.016577701331549722,80.08723956049235,0.31294689164803047,0.29579437584388435,0.30283842084416707,0.08842031166391816,0.021166147102897107,97.79556862184039,0.31743379428878743,0.3045364869871763,0.31130055814533986,0.5114556457750279,0.021281048282539988,97.26754828894565,0.50236738224093,0.22965749950681874,0.2544715573222027,0.020209880328928058,0.020708874426828148,99.95499266631965,0.18534399905671278,0.08626635727599807,0.06616553944955139,0.35689586674191204
74.0,0.331332476038832,0.3406580486199738,0.3423417731130683,0.5092999099890796,0.016680839227370594,80.58550100248438,0.31261749943264117,0.29578253350537775,0.30273118714405745,0.08886877991792369,0.02123736602849453,97.46761385964946,0.31690204309443853,0.3041077028458405,0.31083814103221485,0.5103938234409109,0.021347508083204538,96.9647315927197,0.5023554610553336,0.22964462259006788,0.2544585069601938,0.02020579580906106,0.020708701943780383,99.9558251927533,0.18591991415351733,0.0856442705970305,0.06553507359203625,0.3566985426892369
75.0,0.330484063835555,0.3392706936872751,0.3410556003186502,0.5093181257333992,0.0167822108700993,81.07522963696061,0.31228854674324275,0.29576153122403664,0.30261922922400786,0.08933069280871282,0.021306555647772268,97.15110342941651,0.31638023578259455,0.3036929467448893,0.31038825172773366,0.5093355290104015,0.02141095490616789,96.67739717975151,0.502343737019781,0.2296320433792825,0.25444575589685464,0.02020180655104323,0.020708536346238076,99.95662449786663,0.1864863048883571,0.08503656615870014,0.06491906691905325,0.3565058207574367
76.0,0.3296532762224295,0.3379206355209797,0.3398039717265164,0.5093331991975156,0.016881779151636363,81.55624619387669,0.31195995514196834,0.29573177687498525,0.30250273937914035,0.089805528603906,0.02137379656547133,96.84547081379485,0.3158678888786291,0.3032913919452987,0.309950265438149,0.5082807988816281,0.021471504289318613,96.40476808562867,0.5023322023581418,0.22961975220969008,0.25443329404280013,0.020197909371030043,0.02070837741198429,99.95739165268563,0.18704354692781228,0.084442777053721,0.06431703201019134,0.3563175471342821
77.0,0.32883956197326386,0.3366069018439411,0.3385858808297228,0.5093451544533301,0.01697951360065515,82.02840346558382,0.311631653277781,0.29569366076554904,0.30238190003908,0.09029278591759,0.02143916611326336,96.55018206052159,0.3153645414598322,0.30290225878693416,0.3095235890181412,0.507229667611487,0.021529268076753587,96.1461106843848,0.5023208495944275,0.22960773968624637,0.2544211116194049,0.02019410121406323,0.02070822492366601,99.95812770488756,0.1875920014385289,0.08386244940544119,0.06372849645790402,0.3561335742340679
78.0,0.32804238359526167,0.33532853121175715,0.33740034429810956,0.5093540157164648,0.017075389879447476,82.49158387607876,0.3113035762945535,0.29564755645443874,0.3022568845920693,0.0907919826589385,0.02150273846504048,96.26473366760756,0.314869754185637,0.3025248120627795,0.3091076591980381,0.5061821679853881,0.021584354463018294,95.90073194025399,0.5023096715411355,0.22959599667980843,0.2544091991517131,0.020190379147086424,0.020708078668803066,99.95883367874931,0.18813201565033716,0.08329514218295819,0.063153002524995,0.35595376036019594
79.0,0.32726121719253864,0.33408457412275017,0.336246401852006,0.5093598073178328,0.017169389310076597,82.94569719183848,0.3109756652933655,0.2955938215271484,0.30212785812864845,0.0913026550508376,0.021564584751022842,95.9886506213926,0.31438310835850863,0.3021583585434946,0.308701940936079,0.5051383310840223,0.02163686804565429,95.66797685754189,0.5022986612881176,0.22958451432306326,0.2543975474613295,0.020186740352438327,0.020707938439788243,99.95951057513909,0.18866392339401694,0.08274042700443085,0.06259010680116722,0.3557779693908298
80.0,0.3264955523203641,0.3328740939972839,0.3351231160950073,0.5093625536772692,0.017261498428639607,83.39067836845206,0.3106478668439043,0.29553279833035284,0.3019949781123185,0.09182435671342434,0.02162477317041358,95.72148457461734,0.31390420501656696,0.3018022446430954,0.30830592588493444,0.5040981863473029,0.021686909884854267,95.44722611251132,0.5022878121919422,0.22957328400624566,0.25438614765931183,0.02018318212178851,0.020707804033878764,99.96015937154975,0.1891880456152094,0.08219788793021049,0.062039379859676114,0.355606070485931
81.0,0.3257448918300108,0.33169616803685326,0.3340295723115291,0.5093622792791034,0.017351708566425785,83.82648552718746,0.31032013254026786,0.295464814667902,0.3018583949839998,0.09235665780783042,0.02168336910236071,95.46281215293162,0.3134326640585841,0.3014558542171638,0.30791913096268436,0.5030617616356213,0.021734577569133075,95.2378938526527,0.5022771178657215,0.2295622973726761,0.2543749911390853,0.020179701850483497,0.02070767525318034,99.96078102216872,0.18970469086586694,0.08166712124727282,0.06150040591499378,0.35543793781411726
82.0,0.325008751704357,0.33054988797260226,0.3329648782341556,0.509359008649557,0.017440015456753232,84.25309805561062,0.3099924185968631,0.29539018446082926,0.3017182527065314,0.09289914423577629,0.02174043521501061,95.21223337940118,0.3129681234016347,0.3011186064855693,0.3075410970193612,0.502029083288554,0.021779965286024112,95.03942565003088,0.5022665721693769,0.22955154631414645,0.25436406956939306,0.020176297032273166,0.02070755190462428,99.96137645798164,0.19021415577453626,0.08114773524630003,0.06097278248227217,0.35527345029789464
83.0,0.32428666088458113,0.3294343607122049,0.33192816378518597,0.509352766335859,0.017526418866273347,84.6705148264093,0.309664685480467,0.2953092083736175,0.3015746892549292,0.0934514168909864,0.021796031572465246,94.9693702075703,0.3125102381713735,0.3007899540722156,0.3071713875909885,0.5010001761811449,0.0218231638969059,94.85129659658661,0.5022561692003175,0.22954102296617906,0.2543533748872989,0.0201729652543899,0.02070743379993846,99.96194658690608,0.19071672549668067,0.08063934999264577,0.06045612003929063,0.35511249137592893
84.0,0.3235781610884391,0.3283487088933795,0.3309185807962459,0.5093435768869721,0.01761092224954845,85.07875252865006,0.3093368975748751,0.2952221744088019,0.30142783705762866,0.09401309095869437,0.021850215739480268,94.73386515453136,0.3120586799246652,0.3004693811548184,0.3068095877337936,0.49997506377788614,0.021864261015151435,94.67300953034315,0.5022459032845087,0.22953071970318217,0.25434289929125337,0.020169704192954725,0.020707320755612716,99.96249229395265,0.19121267414616144,0.08014159709229973,0.05995004169147877,0.3549549487811164
85.0,0.32288280662071395,0.32729207135169563,0.32993530270935756,0.5093314648358317,0.017693532425730074,85.47784410580383,0.3090090228748939,0.2951293584718381,0.3012778233934843,0.09458379525978373,0.021903042883764483,94.50538002624675,0.3116131359040854,0.3001564017181821,0.30645530293195655,0.4989537681845081,0.021903341086875867,94.50409338243043,0.5022357689679089,0.2295206291335234,0.25433263523423394,0.0201665116086868,0.020707212592859167,99.9630144414107,0.19170226520892347,0.07965411945387174,0.059454182840522174,0.35480071433330673
86.0,0.32220016417650005,0.3262636035097657,0.32897752426244214,0.5093164546830035,0.017774259276194235,85.86783729501536,0.3086810327067436,0.2950310249080179,0.30112477074887556,0.09516317163636302,0.021954565875763592,94.28359472807603,0.3111733083236501,0.2998505579048664,0.3061081580728748,0.49793631019768797,0.021940485473633822,94.34410163571064,0.502225761008255,0.2295107440945392,0.2543225754169687,0.02016338534289416,0.020707109137568017,99.96351386905627,0.19218575193985665,0.07917657104751646,0.0589681908569869,0.354649683745617
87.0,0.32152981263802455,0.3252624776943936,0.3280444611618636,0.5092985708816696,0.01785311546202151,86.24879326224325,0.3083529014722247,0.2949274270130854,0.30096879713888003,0.09575087437580992,0.022004835385832755,94.06820615409053,0.3107389136850015,0.29955141845753147,0.3057677964844849,0.49692270935277727,0.02197577253648819,94.1926108865763,0.5022158743671765,0.2295010576474991,0.2543127127812504,0.020160323313725463,0.020707010220259496,99.96399139437918,0.19266337774373765,0.07870861666163659,0.05849172475733222,0.3545017564433511
88.0,0.32087134286572744,0.324287883387769,0.32713534974429676,0.5092778378238597,0.017930116160246517,86.62078532807539,0.3080246064142669,0.2948188075190797,0.3008100163961185,0.09634656967053508,0.02205389997872067,93.85892714932947,0.31030968212318083,0.29925857724761545,0.3054338790296941,0.49591298396964456,0.022009277720937505,94.04921950220047,0.502206104202623,0.22949156307253898,0.25430304050334834,0.02015732351266373,0.020706915676031775,99.96444781282963,0.1931353765410962,0.07824993165812111,0.058024454885625854,0.354356835394612
89.0,0.3202243574843255,0.32333902741834863,0.32624944662992184,0.5092542798278457,0.018005278817838408,86.98389777920326,0.3076961274017185,0.29470539905682125,0.30064853843054323,0.09694993511091697,0.022101806205307387,93.65548553965132,0.30988535678104684,0.29897165188534147,0.3051060832534332,0.49490715119672446,0.022041073642248103,93.9135463661658,0.502196445861586,0.22948225386357868,0.25429355198752257,0.020154384001244606,0.020706825344506182,99.96488389807813,0.19360197311979094,0.07780020172680358,0.05756606260022212,0.35421482695176126
90.0,0.31958847066457297,0.32241513409665534,0.32538602836869623,0.5092279211266258,0.018078622922414796,87.33822476073598,0.30736744673145916,0.29458742459635273,0.30048446946314306,0.09756065920904505,0.022148598691552845,93.45762322429874,0.30946569321134865,0.2986902824063657,0.304784102578263,0.4939052270533589,0.02207123017079244,93.78522970598077,0.5021868948731023,0.22947312372323575,0.2542842408596457,0.020151502907983003,0.020706739069769206,99.96530040229139,0.1940633834730276,0.07735912263975775,0.05711623996562343,0.3540756407029421
91.0,0.3189633079014117,0.3215154453008398,0.3245443910812379,0.509198785857426,0.018150169788731598,87.68386924472794,0.3070385489461159,0.2944650978665496,0.30031791223625565,0.09817844095107899,0.0221943202246302,93.26509532669554,0.30905045880543036,0.29841413003067335,0.3044676455448431,0.49290722647051216,0.02209981451704436,93.66392599652366,0.5021774469415243,0.22946416655774796,0.25427510096093536,0.020148678425492877,0.020706656700312097,99.96569805641987,0.1945198151245019,0.07692640000598738,0.056674689449701665,0.35393918933293783
92.0,0.3183485057891747,0.3206392205164981,0.32372385009566185,0.5091668980521507,0.018219942360032815,88.02094207049527,0.30670942066584633,0.29433862375503206,0.3001489662029296,0.09880298937619218,0.022239011836229824,93.07766939937298,0.308639432247529,0.2981428759896035,0.30415643509391443,0.4919131633299364,0.022126891315928165,93.54930893393386,0.502168097940042,0.22945537647191375,0.2542661263418009,0.020145908807786383,0.02070657808896814,99.96607757049696,0.19497146744130456,0.07650174902701096,0.05624112362642464,0.3538053884926919
93.0,0.3177437117944744,0.3197857368349069,0.32292373958154563,0.5091322816287218,0.01828796502338579,88.34956105249637,0.3063800504328186,0.2942081986894267,0.29997772769754116,0.09943402318021366,0.022282712883033483,92.89512467925076,0.30823240299362364,0.29787622041713624,0.30385020788675643,0.4909230505018609,0.022152522710259134,93.44106847491088,0.5021588439044476,0.22944674776406088,0.2542573112558063,0.02014319236773935,0.0207065030928482,99.9664396339468,0.19541853193518233,0.07608489425378973,0.0558152648842038,0.35367415667686436
94.0,0.3171485840273704,0.3189542889135343,0.32214341218205084,0.5090949603832433,0.018354263438168813,88.66985015175189,0.3060504285671617,0.294074011000957,0.29980429008966136,0.10007127034222008,0.022325461124369124,92.71725138980014,0.3078291707738016,0.29761388130181443,0.3035487136613583,0.4899368998812741,0.022176768433051094,93.33890993677821,0.5021496810271293,0.22943827492105112,0.2542486501537511,0.020140527474711074,0.020706431573274196,99.96678491590193,0.19586119255270995,0.07567556934540165,0.05539684513994625,0.35354541510884463
95.0,0.31656279101137225,0.3181441889024002,0.32138223864510196,0.5090549579829373,0.0184188643769179,88.9819387069718,0.3057205470332971,0.2939362412712738,0.29962874392297384,0.10071446777245517,0.022367292797066403,92.54385008689245,0.3074295451171218,0.29735559349589097,0.30325171462179645,0.4889547224228634,0.02219968588849987,93.24255315403555,0.5021406056512828,0.22942995261332835,0.254240137677871,0.020137912552307395,0.020706363395711563,99.96711406552659,0.19629962595489087,0.07527351682982142,0.05498560555888016,0.35341908763268415
96.0,0.31598601145279515,0.3173547663395973,0.32063960745440984,0.509012297959798,0.018481795577779986,89.28596072175377,0.3053903993156788,0.2937950626633795,0.299451177040869,0.10136336098007265,0.022408242687542223,92.37473104538117,0.30703334489797734,0.2971011077784988,0.3029589848585373,0.4879765281746757,0.02222133023148262,93.15173168745235,0.5021316142653337,0.22942177569001718,0.25423176865615865,0.020135346076276595,0.020706298429699867,99.96742771234877,0.19673400178667083,0.07487848786712503,0.0545812962801947,0.3532951006114476
97.0,0.3154179340099471,0.31658536801903786,0.31991492446103054,0.5089670037049141,0.018543085607858344,89.58205420440167,0.305059980303076,0.29365064123744133,0.29927167470017624,0.10201770375930638,0.022448344201153082,92.20971368369419,0.30664039790298775,0.29685018996983253,0.30267030979759063,0.487002326310555,0.022241754445440007,93.06619208206047,0.502122703497557,0.22941373917407734,0.25422353809680553,0.020132826572528698,0.020706236548782845,99.96772646659531,0.1971644829368176,0.07449024201540366,0.05418367614852182,0.353173382831524
98.0,0.31485825706258697,0.31583535783326583,0.31920761251606355,0.5089190984634132,0.018602763736773647,89.8703605570964,0.304729286180629,0.2935031362522436,0.29909031967435346,0.102677257892774,0.022487629428858423,92.04862602391358,0.30625054041747907,0.2966026200935076,0.3023854856766224,0.48603212516141564,0.022261009418532717,92.98569317068187,0.5021138701108891,0.2294058382575196,0.25421544118276485,0.020130352615269183,0.02070617763043729,99.96801091953289,0.19759122578858956,0.07410854699963876,0.05379251245126915,0.35305386541246647
99.0,0.31430668848205723,0.3151041165939599,0.3185171111050205,0.5088686053299837,0.018660859819800837,90.15102401132755,0.3043983143289905,0.2933527004529803,0.298907192347316,0.1033417928707131,0.022526129211244358,91.89130418501212,0.30586361683064567,0.2963581915844317,0.3021043190463039,0.4850659322454002,0.022279144017985805,92.91000541987974,0.5021051109979211,0.22939806829668724,0.25420747326643534,0.020127922825238943,0.020706121556001093,99.96828164381289,0.1980143804615901,0.0737331784837571,0.0534075806618029,0.3529364817219645
100.0,0.313762945402459,0.31439104183255834,0.31784287598432737,0.5088155472449336,0.01871740418997653,90.4241911066618,0.30406706322994315,0.2931994803460491,0.29872237079897,0.10401108562503764,0.022563873199963023,91.73759190708155,0.30547947925852176,0.29611671053967814,0.30182662629532414,0.48410375429697455,0.02229620516255382,92.83891031545603,0.5020964231760675,0.22939042480760782,0.2541996298644663,0.02012553586805288,0.020706068210600975,99.96853919381846,0.1984340910451799,0.07336391984606161,0.05302866418846325,0.3528211672955808
