time (steps),Gov,Info,Infer,Int,A_Econ,SI_Econ,GM,ICu,IInter,ICo,A_Emp,SI_Emp,GT,IV,IA,IInteg,A_Edu,SI_Edu,V_CGM,V_grad_total,V_cycle_total,V_grad_Econ,V_cycle_Econ,V_grad_Emp,V_cycle_Emp,V_grad_Edu,V_cycle_Edu,E_gov,E_info,E_inf,E_intel,A_Ecol,SI_Ecol,GTD,IVD,IAD,IID,V_grad_Ecol,V_cycle_Ecol
0.0,0.6,0.62,0.61,0.59,0.02069955391461345,99.99999999999987,0.25,0.26,0.25,0.24,0.02069955391461345,99.99999999999987,0.6,0.62,0.61,0.59,0.02069955391461345,99.99999999999987,0.171383952894571,0.17138395266236436,2.3220665649914247e-10,0.0,8.874685183736372e-31,0.0,8.874685183736372e-31,0.0,8.874685183736372e-31,0.5057305093933067,0.2335047562360218,0.2580056439187823,0.022354668157723242,0.0207,99.99784499813248,0.02287058700882122,0.2721281756066331,0.2368980398289227,0.46051103823993217,0.0,2.3220665649914247e-10
1.0,0.6,0.62,0.61,0.59,0.020699553914613464,99.9999999999998,0.2664805970952146,0.25809676808895243,0.25044974690531896,0.2249728879105141,0.005237853667013926,25.304186209134283,0.5653909585425605,0.6039753278630735,0.5922010643933169,0.5891233427386988,0.013822095451000714,66.7748469750482,1.1919096963255493,0.1661515302032237,1.0257581661223256,0.0,1.9968041663406823e-30,0.0,0.9442132887815173,0.0,0.08154487454452619,0.5056054258228186,0.2333810563638828,0.2578859370964827,0.022244934514015845,0.020701101956495976,99.99252193489117,0.028913401796229532,0.26615220759064173,0.231114976928468,0.4552097817896698,0.0,2.7962819950817297e-09
2.0,0.596505418724762,0.6192716169142233,0.6091013933863674,0.589997757793165,0.020291956083846017,98.03088591933545,0.28169864105468456,0.25665014493019683,0.25122311977805245,0.21042809423706607,0.002711904320157947,13.101269386503073,0.5368754697421113,0.5890481535617073,0.5758251993878247,0.5882376278219456,0.00692705077924005,33.46473459193585,2.8260501575716117,0.16124345023942993,2.6648067073321817,0.0,0.00019775820806642878,0.0,2.0654489817170654,0.0,0.5991599622598897,0.5054895633395092,0.233263053861127,0.25777208196876567,0.022138450828291162,0.02070165421711639,99.98985442186918,0.034510743834968605,0.26045148074200886,0.22561461067967092,0.45006553152399104,0.0,5.147159985155556e-09
3.0,0.5905461341317184,0.6179256344025894,0.6074522609049314,0.5899948197036715,0.018795461142915793,90.80128596223814,0.2947822065725019,0.2557672677625695,0.2523126416939543,0.19713788397097426,0.0021957196746714576,10.607570016865575,0.513728803569315,0.5751911482555062,0.5608193786051915,0.5873441534863825,0.004881437716136539,23.582332915350186,3.721856159644963,0.15678561499355456,3.5650705446514084,0.0,0.004655810212807376,0.0,2.516875611612008,0.0,1.0435391132717777,0.5053790112637485,0.2331520637846171,0.25766468280696714,0.02204056524120393,0.020702415568762966,99.98617719685879,0.03985153891764276,0.2550895257468548,0.22042613356361512,0.44533665729360833,0.0,9.554815062097162e-09
4.0,0.5830780453406563,0.6161130098953472,0.6052421247608296,0.5899953452372538,0.016158620013842443,78.06264850197964,0.305799386790396,0.25540829504245127,0.2536837251541241,0.18510859301302868,0.002167367503321455,10.470600053807644,0.49447451826872985,0.5620511315238248,0.5467642493902812,0.5864274766407949,0.004211669754484517,20.34666916909341,3.9971459329064,0.15272460949794445,3.844421323408455,0.0,0.030667365260282037,0.0,2.54611918720883,0.0,1.2676347517828244,0.5052706477613055,0.23304641592506212,0.2575619151665574,0.021951243614465474,0.02070360598319087,99.98042819892952,0.045086603542227155,0.24998565442717424,0.21546140626400107,0.44102150987029126,0.0,1.915651907179028e-08
5.0,0.57481924299548,0.6139652936533782,0.6026336634049284,0.5900036411477675,0.013277267610268238,64.14277169951369,0.31495913596763786,0.25550807670835324,0.25529181583290067,0.1742409714911083,0.002337223120596431,11.2911762748008,0.47831500834825597,0.5495257024264072,0.5335225364781361,0.585485535217332,0.004057964588238558,19.604116132056962,3.9538464435054923,0.14902554679324714,3.804820896712245,0.0,0.09859409977262233,0.0,2.3787046642142218,0.0,1.327522097239843,0.5051653659448694,0.23294586188270325,0.2574636469075199,0.021869816626715798,0.020705069094144827,99.97336314355519,0.05017279123836327,0.2451278665360126,0.21071404506757774,0.43708775419200147,0.0,3.5485558090425825e-08
6.0,0.5661990904368399,0.6115423232319239,0.5997065702606386,0.5900205610140373,0.010897916241686179,52.648072932588626,0.3224928366355665,0.25599728714613285,0.25708968738620414,0.16442018883209664,0.002617928993373422,12.647272516946478,0.46468242223166206,0.5375727387979019,0.5210266600112574,0.5845193222876496,0.004151439910648458,20.055697469488145,3.7798615914918723,0.14565038881086367,3.6342112026810085,0.0,0.20578713835734072,0.0,2.137750792733925,0.0,1.2906732124790015,0.5050638067712683,0.23285004555466737,0.25736963575690636,0.021795504705688865,0.02070667233859498,99.96562255940908,0.05507913724079844,0.24049895866528603,0.20617234571495607,0.4334977289511934,0.0,5.9110741256921536e-08
7.0,0.557433192687556,0.6088484039333575,0.5964765702019529,0.5900440947646988,0.009189407846841323,44.394231318935844,0.3286218098912625,0.25681008258747373,0.2590321613239217,0.15553594619734198,0.002973353122486989,14.364334297986336,0.4531286637987167,0.5261672401715545,0.5092304088447559,0.5835305723873317,0.0043841940245037255,21.180137710158977,3.55941611399054,0.14255927051528444,3.4168568434752555,0.0,0.3297212498342043,0.0,1.88261845192628,0.0,1.2045170514492232,0.5049658931691606,0.23275836983518677,0.25727935963911674,0.021727544904642973,0.020708350806668607,99.95752007420913,0.05980936488297617,0.236070084504095,0.20181108661913283,0.4302145760230564,0.0,9.026554814034936e-08
8.0,0.5486445660922205,0.6058749972250381,0.5929434748007055,0.5900715941409622,0.00804229667426212,38.85251202724923,0.3335448951891978,0.25788754314642937,0.2610787097258315,0.14748885193854133,0.0033843906168861968,16.350065469270294,0.4432881736444997,0.5152897448453859,0.4980957942642063,0.5825211534047122,0.004703492254028255,22.72267447612818,3.324229278835922,0.13971642276271562,3.1845128560732063,0.0,0.44688817076358966,0.0,1.6397487349820192,0.0,1.0978758213937727,0.5048713235901645,0.23267023498835412,0.2571922755009208,0.02166524605154377,0.02071006795621883,99.94923222063957,0.06437804203351527,0.23181227067891758,0.1976040327591705,0.4272049047346707,0.0,1.2893382513005924e-07
9.0,0.53992347061133,0.6026205301707835,0.5891134755285989,0.5901008423253443,0.0073054254211682434,35.292670804904525,0.33743665774575815,0.2591782016169102,0.26319403670799557,0.14019110392933604,0.003838733297622861,18.545004947728852,0.434859188976142,0.504922630207408,0.4875886955997772,0.5814928819172819,0.005079186584784295,24.53766204690287,3.085967108364589,0.13709195600103824,2.948875152363551,0.0,0.5423557816281047,0.0,1.4195614588612795,0.0,0.9869577371701725,0.5047798431702223,0.23258515345167224,0.2571079470986534,0.0216079995631787,0.02071179319162713,99.94090672449039,0.06879748123107782,0.22770196293833367,0.1935301091077133,0.42443931429725296,0.0,1.7470399375118543e-07
10.0,0.5313434766893128,0.5990930063374595,0.5850021757499719,0.5901302127340081,0.006857788196759865,33.13012553337403,0.3404494655877104,0.26063741771523613,0.26534777315958263,0.1335653435374709,0.00432719657057917,20.904781757273838,0.4275916139381891,0.49504882263706246,0.4776772171805541,0.5804474656947869,0.0054919011003626075,26.531494944369058,2.8500349937071676,0.13466118676921382,2.715373806937954,0.0,0.6102110717435727,0.0,1.2249134069036554,0.0,0.8802491015607252,0.5046912852269744,0.23250275463179976,0.2570260524754729,0.021555272236658755,0.02071349757230406,99.93268322917477,0.07307573493708375,0.2237212578365525,0.1895737618589589,0.4218920455620208,0.0,2.2673000046960308e-07
11.0,0.522963800694616,0.5953075397130424,0.5806319445198811,0.5901585515524437,0.006614458796451571,31.954595851371998,0.3427161680829414,0.2622265637102856,0.26751398401593546,0.12754328419083755,0.004842241280334614,23.39297407233544,0.421278084170167,0.4856513425045912,0.4683310061453933,0.5793864888026135,0.005928191872162354,28.63922525391807,2.6201378357441625,0.1324035277999491,2.4877343079442134,0.0,0.6507741190548577,0.0,1.0552187085825981,0.0,0.7817411964978529,0.5046055442021893,0.23242275913048477,0.25694635759621465,0.021506595873457334,0.020715154920580618,99.92468795899906,0.07721790269291312,0.21985665758260614,0.18572368472265938,0.4195404797552304,0.0,2.8380890485073887e-07
12.0,0.5148296044100444,0.5912835758417191,0.5760289205913343,0.5901850377895608,0.006517726473427875,31.48727987237689,0.34435249356330816,0.26391229512825226,0.2696707002727737,0.12206451103566607,0.005377340523880493,25.978050280997657,0.4157469128695787,0.4767131631762971,0.4595209461616716,0.5783114118765716,0.006378339671039541,30.813899165897364,2.399338816545667,0.13030156903239756,2.2690372475132694,0.0,0.6676901202677271,0.0,0.9084417699461589,0.0,0.6929050127895521,0.5045225456003262,0.23234495356593887,0.2568686903331592,0.02146155803352028,0.02071674316961677,99.91702723317748,0.08122758339451075,0.21609785365538925,0.1819715621708492,0.4173646918071983,0.0,3.445098312834911e-07
13.0,0.506972894597525,0.5870428372303492,0.5712208235030324,0.5902090776981815,0.006528151155331798,31.537641739820632,0.34545908155317806,0.2656659339883113,0.2717995054512793,0.11707547900723136,0.005926702729466559,28.63203117281885,0.4108563057682959,0.46821719432743647,0.4512190103066396,0.5772235778587503,0.006835216737640999,33.02108231818218,2.1900993248272154,0.12834040793712542,2.06175891689009,0.0,0.6658445879385987,0.0,0.782055362178262,0.0,0.6138585594659569,0.5044422263016707,0.2322691720257265,0.25679292149443694,0.02141979443319636,0.020718244937499738,99.90978471901118,0.08510782636915487,0.21243683078866543,0.1783111529159065,0.41534708309465324,0.0,4.07307271969492e-07
14.0,0.4994141023728281,0.5826079712479197,0.5662355451368949,0.5902302337970529,0.006618157366111005,31.972463722702415,0.3461232258480408,0.2674629402317905,0.2738851654656174,0.11252866845455117,0.006485151965191466,31.329911707001056,0.40648952074062633,0.4601463158083685,0.4433981865960192,0.5761242195570927,0.00729361735295432,35.23562576778618,1.994178611371163,0.12650716668320533,1.8676714446879576,0.0,0.6501365285869851,0.0,0.6734925812040656,0.0,0.5440418642020013,0.5043645240887842,0.23219528332408337,0.25671895203828377,0.021380982681595637,0.02071964745377872,99.90302180956446,0.08886163735498948,0.20886725136932605,0.17473767222843328,0.41347207884283116,0.0,4.706949055195382e-07
15.0,0.492163984618819,0.5780016977939233,0.5611002937542128,0.5902481786707586,0.006767867828168979,32.69571825599109,0.3464204027189434,0.26928244720174127,0.275915289381993,0.10838186069732231,0.007048076951370478,34.049414690017514,0.4025507797960622,0.45248343211718095,0.43603243959043947,0.5750144676393786,0.007749802584815792,37.43946665123351,1.8126187973895302,0.12479063451337978,1.6878281628761505,0.0,0.6248793342832146,0.0,0.5803494225389836,0.0,0.48259887278288605,0.5042893731037132,0.23212318229168635,0.2566467045613958,0.0213448370184236,0.020720942116233706,99.89677978201807,0.09249219796421299,0.20538403464424826,0.17124738073780443,0.4117258739090854,0.0,5.332710662213443e-07
16.0,0.48522555166950715,0.5732462822527347,0.5558410948285893,0.590262664892698,0.006962479597923527,33.63589199382781,0.34641563300273054,0.27110684532192864,0.27788001367403187,0.10459750800130914,0.007611407068414672,36.77087486914966,0.39896180537226744,0.4452115348099271,0.42909669160378855,0.5738953585392327,0.008201156461306957,39.61996715067915,1.6458212912051322,0.12318099322697748,1.5226402979781548,0.0,0.593588447492954,0.0,0.5004642056367338,0.0,0.42858705105311695,0.5042167026478803,0.2320527836971851,0.25657611754650045,0.02131110381392834,0.020722123887721305,99.89108272284166,0.09600292366065283,0.20198306306816327,0.16783730653105933,0.41009621538434543,0.0,5.937953502051282e-07
17.0,0.4785958480182549,0.5683632141381478,0.5504825148361148,0.5902735051117114,0.007190625870386196,34.73807165143677,0.34616470718835746,0.27292140474079585,0.2797717067193482,0.10114218135149855,0.008171595355721878,39.47715679975554,0.39565888589310055,0.4383137670434749,0.42256681526769063,0.5727678420833827,0.00864591191558119,41.76859052734161,1.4936713657336087,0.1216695995017748,1.372001766231834,0.0,0.558977524770332,0.0,0.4319367832741134,0.0,0.3810868069674096,0.5041464376744054,0.2319840178715329,0.25650714136631597,0.021279557673845033,0.02072319066037446,99.88594060563157,0.09939743997558359,0.19866097091410595,0.16450505210330724,0.40857221442212976,0.0,6.512199791482076e-07
18.0,0.472267505043221,0.5633730149719185,0.545047522675243,0.5902805584941118,0.007443351717763153,35.9589957757897,0.34571529102627274,0.27471393171622677,0.28158469261447105,0.09798608464302935,0.008725599325708695,42.153562157436724,0.3925903941414614,0.431773487133416,0.4164196326076213,0.5716327887680489,0.009082929394925422,43.87983157701325,1.355672918677022,0.12024880788348616,1.2354241107935358,0.0,0.5230506155485862,0.0,0.3731192696283555,0.0,0.33925352091544814,0.5040785000073625,0.231916827450023,0.25643973541535864,0.021249998044043657,0.020724142655582683,99.8813521920887,0.10267952360516952,0.19541498688048686,0.16124865579470116,0.4071441822083289,0.0,7.047011459006239e-07
19.0,0.4662300415060559,0.5582951276188584,0.5395574356035716,0.5902837211485982,0.007713468909689682,37.26393786797573,0.345107923100994,0.27647445566850987,0.28331499441613905,0.09510262681435724,0.009270856088490683,44.78770956482142,0.38971469388054547,0.4255743290820917,0.4106329172755934,0.5704909966496542,0.009511519882378324,45.95036164360723,1.2310711951283897,0.11891182427574597,1.1121593708526438,0.0,0.4872267767603158,0.0,0.3225943766420267,0.0,0.3023374638545667,0.5040128097541281,0.2318511648670639,0.25637386598072276,0.02122224623978964,0.02072498189185104,99.87730760214744,0.10585303417962277,0.19224281306311974,0.15806648892735742,0.40580348644413533,0.0,7.535957346825305e-07
20.0,0.4604709190790375,0.553147857392167,0.5340319168761448,0.5902829190685277,0.00799514363755505,38.6247146703517,0.3443769128509257,0.27819494487588786,0.28496009719336524,0.09246804507982113,0.009805251286091896,47.36938451204791,0.3869983789226396,0.41970025854865584,0.4051853973804606,0.5693431978255635,0.009931306585286752,47.97836043353317,1.1189540690330155,0.117652583277888,1.0013014857551275,0.0,0.45246476250912865,0.0,0.2791494833967914,0.0,0.26968644240096995,0.5039492866344005,0.23178699037434125,0.2563095046104086,0.021196142842123455,0.020725711731651105,99.87379050053207,0.10892185005795357,0.18914252921220331,0.15495717697891292,0.4045424255645696,0.0,7.974482373726899e-07
21.0,0.4549763759288654,0.547948346489085,0.528489004867439,0.5902781026905161,0.008283626212632324,40.018380332265366,0.3435511461891068,0.2798690492324987,0.28651873116766063,0.09006107341073397,0.010327082852890194,49.89036428267908,0.3844147960715035,0.4141356231026876,0.4000567569375275,0.5681900644855215,0.010342119890654967,49.96300854268004,1.01833023233704,0.11646564479396902,0.9018645875430711,0.0,0.41937351168890014,0.0,0.2417504587704628,0.0,0.24073978111190142,0.5038878510989904,0.2317242704362384,0.2562466268279615,0.02117154541463863,0.020726336506847957,99.87077990253759,0.11188981427899602,0.18611251521472355,0.15191953748646508,0.40335411843552266,0.0,8.359718066687612e-07
22.0,0.44973206792770715,0.5427125703021571,0.5229451612661735,0.5902692425194511,0.008575066104389923,41.42633285607241,0.3426548053276022,0.28149186862834225,0.28799067494688707,0.08786265109716858,0.010835021270115187,52.34422594230837,0.38194280969280214,0.40886519595228216,0.3952276344796297,0.5670322145205715,0.010743920122048669,51.90411429332156,0.928186462811415,0.11534610659167242,0.8128403562197426,0.0,0.38830381983361445,0.0,0.20951712707889547,0.0,0.21501854028078365,0.5038284251964819,0.23166297640795802,0.2561852110977686,0.021148326501115332,0.02072686121636564,99.86825163025331,0.11476069269278405,0.18315138723422697,0.14895253005981945,0.40223240761899587,0.0,8.690264490226763e-07
23.0,0.4447235483882987,0.5374553484966056,0.5174153307739238,0.5902563254886508,0.008866377228260917,42.83366329938856,0.3417080091907024,0.283059745509541,0.28937657854095317,0.08585566675880342,0.011328068123277055,54.7261461285873,0.3795657713250774,0.40387421268207097,0.3906796178580771,0.5658702166842952,0.011136742758968463,53.80184908770508,0.8475275602829166,0.11428953027360414,0.7332380300093125,0.0,0.35942130697827457,0.0,0.18170116011510226,0.0,0.19211466631943422,0.5037709331925585,0.23160308343413805,0.2561252379799321,0.021126371869730695,0.0207272912871015,99.86617946308624,0.11753814404079505,0.1802579445027056,0.14605521555324075,0.4011717745505153,0.0,8.965965014450269e-07
24.0,0.4399366157206335,0.5321903664388627,0.5119130077290057,0.590239351859357,0.009155132135645566,44.22864460466584,0.3407273806942108,0.28457008012278645,0.2906778055464704,0.08402473363653239,0.011805514624281133,57.032700670649255,0.3772706628016673,0.3991484008571486,0.38639523469880566,0.5647045953101054,0.011520661197001398,55.65656750152509,0.7754026997644127,0.11329187863324719,0.6621108211311655,0.0,0.3327628121813117,0.0,0.15766661064959517,0.0,0.1716804795314398,0.503715301970594,0.23154456952618205,0.25606668943521066,0.02110557897375994,0.02072763238833693,99.86453602998425,0.12022570060331733,0.17743112474623235,0.14322672248701662,0.40016726517526385,0.0,9.187688188398411e-07
25.0,0.4353575554890144,0.5269302042109155,0.506450306897887,0.5902183325461665,0.009439472613333607,45.60229970303636,0.3397265470638512,0.2860211668863622,0.2918962936316295,0.08235599241815718,0.012266901468362394,59.261670657077474,0.375047385837877,0.394674002624262,0.3823579383479322,0.563535834596761,0.011895762753742918,57.46869136800468,0.7109215487301137,0.1123494627160298,0.5985720860140838,0.0,0.3082789728245867,0.0,0.13687301904720536,0.0,0.1534191584297527,0.5036614612521897,0.23148741478938314,0.2560095482538626,0.021085855602218248,0.020727890290191772,99.86329348919914,0.12282675754524036,0.1746699668471463,0.14046621945473892,0.3992144247602938,0.0,9.357125390036088e-07
26.0,0.4309732998358718,0.5216863714285477,0.5010380367533117,0.5901932868032504,0.00971802988112822,46.94801598727936,0.3387165792196709,0.28741205028424477,0.2930344322532348,0.0808369382428495,0.012711981052888816,61.41185991411361,0.37288817497299026,0.3904377906592765,0.3785520894314133,0.5623643824813311,0.01226213434415608,59.23864057524103,0.6532629120972596,0.11145889715796584,0.5418040149392938,0.0,0.28586571320067466,0.0,0.11886089275637161,0.0,0.13707646132136575,0.5036093436782494,0.2314316007788907,0.2559537975902838,0.021067118696975397,0.020728070757536857,99.86242403715713,0.1253445689993103,0.17197357973065608,0.137772892641576,0.39830924074907587,0.0,9.476608817188218e-07
27.0,0.4267715236178559,0.516469346642822,0.495685774165297,0.590164240232561,0.009989851131168341,48.26119042167247,0.3377063760503317,0.28874239865953855,0.29409495639671424,0.07945626889341544,0.013140682748308766,63.48292722884109,0.3707871141795638,0.3864270779668536,0.3749629333653726,0.5611906541241073,0.012619854963807813,60.966796752554544,0.6016780832869423,0.11061706256864232,0.4910610207183,0.0,0.26538705746936436,0.0,0.10323930683678453,0.0,0.12243370151699658,0.5035588847884154,0.2313771099683843,0.2558994205900115,0.02104929331560728,0.020728179471908383,99.86190028249342,0.12778224905957075,0.16934111669637114,0.13514592780471735,0.3974480926566268,0.0,9.548951545197978e-07
28.0,0.4227406931516531,0.5112886204046504,0.4904019397489765,0.5901312230878782,0.010254331255293724,49.53889971539143,0.33670299914179447,0.2900123942918321,0.2950808550434379,0.07820375152293559,0.013553081613746768,65.4752352135405,0.3687397404085041,0.382629722138586,0.3715765742939424,0.5600150350333875,0.012968992768502241,62.65348916213321,0.5554905665014482,0.10982107388459628,0.445669492616852,0.0,0.2466912893434858,0.0,0.0896753640496982,0.0,0.10930188149271386,0.503510022931506,0.23132392531814358,0.2558464000982256,0.021032311721688242,0.02072822197516735,99.86169551547512,0.1301427761081707,0.16677175455165594,0.13258449619104168,0.3966277081213326,0.0,9.577309541806459e-07
29.0,0.41887008034706186,0.5061527412203463,0.4851938732628769,0.5900942688531166,0.01051114972300329,50.77959537853931,0.3357119632171055,0.2912226381788197,0.2959952930314604,0.07707010557261447,0.013949370706137314,67.38971653050635,0.3667427198780732,0.379034124727718,0.36837994601130336,0.5588378838598224,0.013309605094532119,64.29899479686775,0.5140934141275582,0.10906825375634871,0.4050251603712095,0.0,0.22962209442054707,0.0,0.07788526453091167,0.0,0.09751684491330673,0.5034626991334648,0.23127202993082777,0.25579471844020335,0.021016112586412762,0.02072820362980241,99.86178389743434,0.13242899919474105,0.1642646769822611,0.1300877439308029,0.39584512433511665,0.0,9.565064440765628e-07
30.0,0.41514975228735496,0.5010693636936062,0.48006790851277176,0.5900534130735827,0.010760213039388504,51.982825735157675,0.3347374871992506,0.2923740680022336,0.29684154497813714,0.07604689982037866,0.014329836945811166,69.22775729816391,0.36479358508888304,0.37562922641186525,0.3653607804565274,0.5576595348904256,0.013641740217393413,65.90354687674042,0.4769450903212164,0.10835611015462321,0.3685889801665932,0.0,0.2140259777413333,0.0,0.06762675637499689,0.0,0.0869352944777322,0.5034168569432055,0.2312214067842487,0.2557443572648394,0.02100064028739023,0.020728129591817687,99.86214058978315,0.13464364548365831,0.1618190616425348,0.12765478447806822,0.39509765416806114,0.0,9.51572530838636e-07
31.0,0.4115705440226386,0.4960452981826443,0.47502944724096213,0.5900086924173632,0.011001603279155633,53.14898728995675,0.33378271043997104,0.2934678878370896,0.29762293996779743,0.0751264617551421,0.014694840369449626,70.99109686163524,0.3628905224030982,0.37240449859956465,0.3625075743659314,0.5564803002717232,0.013965440003883344,67.46734766116894,0.44356451505605277,0.10768231749206794,0.33588219756398485,0.0,0.1997569599717337,0.0,0.058692763439921164,0.0,0.07743153086758872,0.5033724422711656,0.23117203853108842,0.25569529744273034,0.020985844292203983,0.020728004793046845,99.86274183783011,0.1367893280535853,0.15943407047973268,0.12528469368715306,0.3943828563880083,0.0,9.432847413184538e-07
32.0,0.4081240204565863,0.49108656132769374,0.47008303149904457,0.5899601439422487,0.011235533041063868,54.279107112215755,0.33284987827637824,0.29450550825631,0.2983428157668458,0.07430179770046601,0.01504479651583408,72.68174269790805,0.361032201608102,0.3693499321007689,0.35980955463862097,0.5553004719901672,0.014280742885158525,68.99058281191577,0.4135257482154902,0.10704470065755962,0.3064810475579306,0.0,0.1866793197760567,0.0,0.050906012053212726,0.0,0.06889478373206188,0.5033294032306577,0.23112390735609026,0.2556475190106544,0.02097167861588286,0.020727833930479632,99.86356502101928,0.138868553561799,0.15710884283489068,0.12297650713042652,0.39369850945089285,0.0,9.319965992656767e-07
33.0,0.40480243169468927,0.486198426838111,0.46523241402954657,0.5899078045424164,0.011462306923262293,55.37465672228888,0.33194050069527686,0.2954884955849073,0.29900448140502156,0.07356652231479435,0.015380161641901468,74.30189899427454,0.35921764023150615,0.3664560234328242,0.35725664292559123,0.5541203236361123,0.014587686780950545,70.47343552003778,0.3864526277661442,0.10644122145132179,0.2800114063148224,0.0,0.1746689618212645,0.0,0.044114502375160326,0.0,0.0612270240640864,0.5032876899883331,0.23107699488185712,0.25560100115468065,0.0209581013428167,0.020727621460786966,99.86458867831679,0.14088372946833044,0.15484249089191393,0.12072921928230917,0.39304258840437317,0.0,9.180543111957222e-07
34.0,0.4015986650355307,0.4813854759752053,0.4604806262239286,0.5898517105488404,0.011682289365797627,56.43739673805333,0.3310554875116748,0.2964185291645069,0.2996111870486994,0.07291479627511901,0.0157014204473595,75.85390734567787,0.35744609651939624,0.3637137592777868,0.3548394198981061,0.5529401119755738,0.014886311751836344,71.91609931906282,0.36201356874223256,0.10586996699066786,0.2561436017515647,0.0,0.16361384225250533,0.0,0.03818769215241149,0.0,0.054341165554061564,0.503247254627206,0.23103128211506474,0.2555557222246564,0.020945074204870663,0.02072737159869673,99.86579251522149,0.14283717065328733,0.15263409707913278,0.11854178421916745,0.39241324450644327,0.0,9.017925863204371e-07
35.0,0.3985061958738949,0.476651647226478,0.45583004328093674,0.5897918974581162,0.011895878488781868,57.46925048652205,0.33019526311037506,0.29729736559618825,0.3001661001847949,0.07234127110864172,0.016009075987488165,77.3401980232343,0.3557169859623479,0.3611145995484735,0.3525490895923377,0.5517600783517861,0.015176662259819427,73.31878900590723,0.33991665181462477,0.10532913972820827,0.2345875120864165,0.0,0.15341376926528935,0.0,0.03301328017575663,0.0,0.04815957911393788,0.5032080510236348,0.23098674942564584,0.25551165977344614,0.020932562208531402,0.02072708831822795,99.86715739716172,0.1447311053599486,0.15048271306367966,0.11641311751494587,0.3918087872127802,0.0,8.835314326627632e-07
36.0,0.39551903909517633,0.4720002847359961,0.45128244625645086,0.589728399765934,0.012103485394665126,58.472204012668776,0.3293598634630887,0.29812680903435174,0.3006722872278474,0.07184104027471229,0.01630364146901508,78.76325033992677,0.3540298170792024,0.3586504594625067,0.3503774441681634,0.5505804499363963,0.015458788988070436,74.68174943208257,0.31990507454566103,0.10481704878704887,0.21508802575861216,0.0,0.1439798090945355,0.0,0.02849449391293571,0.0,0.04261285917735251,0.5031700347382709,0.23094337655229805,0.2554687906149985,0.02092053330486373,0.02072677535605457,99.86866533277113,0.14656768046299878,0.14838736001758462,0.11434209904640996,0.3912276682322797,0.0,8.63573788437222e-07
37.0,0.39263170202840464,0.467434185129803,0.4468390807688789,0.589661250883586,0.012305518304996942,59.448229443773286,0.32854901782159057,0.29890868670430604,0.30113269975505685,0.07140959571904655,0.01658563364774826,80.12556075442367,0.3523841428684569,0.3563136909679175,0.3483168293631581,0.5494014408480159,0.015732750217035133,76.00526215170349,0.3017529994892921,0.10433210237127519,0.19742089711801689,0.0,0.13523346176628012,0.0,0.024547800642224598,0.0,0.03763879250564863,0.5031331629201352,0.2309011426284868,0.2554270908960666,0.02090895809688293,0.020726436216462182,99.87029944961107,0.14834896610267057,0.14634702987397524,0.11232757645795399,0.3906684673901483,0.0,8.422038635413592e-07
38.0,0.3898391396502854,0.46295564245022375,0.4425007121979314,0.5895904831184063,0.01250237086004874,60.399228464640224,0.32776221720183385,0.29964482890998867,0.3015501646622299,0.07104278922594764,0.016855567574926848,81.42961749058367,0.35077952492992354,0.3540970638119415,0.3463601108698204,0.5482232531538702,0.015998612782938376,77.28965005204152,0.2852618067677721,0.10387280105550979,0.1813890057122623,0.0,0.1271057216560034,0.0,0.02110097415959789,0.0,0.033181490210580714,0.5030973942225067,0.23086002622391905,0.2553865361771563,0.020897809579667137,0.0207260741774988,99.87204396424399,0.15007695974814028,0.1443606873306844,0.11036836907224995,0.3901298800726736,0.0,8.196860802960798e-07
39.0,0.387136712461814,0.4585664909849777,0.43826767728517046,0.589516127701713,0.012694413912800925,61.3269926741704,0.32699877151508683,0.30033705288476253,0.3019273776162847,0.0707367979838659,0.017113952469100628,82.67788059441493,0.349215507760884,0.3519937464972309,0.3445006418158663,0.5470460777684605,0.01625645266111366,78.53528017160298,0.2702567413162736,0.10343773179532784,0.16681900952094575,0.0,0.11953610146701234,0.0,0.01809145999508862,0.0,0.029190651794329458,0.5030626887291214,0.23082000539723144,0.25534710151900486,0.020887062909158205,0.020725692298018763,99.87388414809267,0.15175358976289294,0.14242727239562347,0.10846327206802986,0.3896107060579453,0.0,7.962645153530324e-07
40.0,0.3845201472657016,0.4542681458434217,0.4341399321090584,0.5894382148504583,0.012881990184736113,62.23317776738037,0.3262578569695419,0.3009871499171867,0.3022668992563587,0.07048809385691282,0.017361288519775905,83.8727664924181,0.34769160115486264,0.3499972873271417,0.3427322314844527,0.5458700952614869,0.016506355224422384,79.74256494855798,0.2565839341019247,0.10302556253168979,0.15355837157023491,0.0,0.11247167163706748,0.0,0.01546499128107282,0.0,0.025620936489338445,0.5030290078891608,0.2307810577563453,0.25530876157156385,0.020876695196139675,0.020725293425388033,99.87580629018704,0.1533807185454525,0.14054570330254984,0.10661106077887933,0.38910983956288486,0.0,7.721627561788002e-07
41.0,0.3819855009364053,0.45006164119125425,0.4301170964634205,0.5893567738512918,0.01306541120801696,63.11928876299635,0.3255385551582251,0.3015968752549906,0.3025711536652751,0.07029341592150927,0.017598064456809295,85.01663624927421,0.34620726898893317,0.348101595704062,0.34104911537352617,0.5446954765857905,0.016748415229131154,80.91196215251357,0.24410777038578166,0.1026350372881841,0.14147273309759756,0.0,0.1058661479985572,0.0,0.013174415185346278,0.0,0.022431422329598296,0.5029963144596049,0.2307431605235806,0.25527149066307114,0.020866685322346454,0.020724880203667674,99.87779765766864,0.15496014531430002,0.1387148796567354,0.10481049499633,0.38862626035946274,0.0,7.47584095806413e-07
42.0,0.379529127179367,0.4459476661057269,0.42619849471536136,0.5892718331580012,0.013244956047207556,63.98667382806213,0.3248398850647553,0.30216794035444805,0.30284242869613853,0.07014974588465822,0.017824755744859533,86.11178684520179,0.344761922987038,0.3463009238117662,0.339445926660979,0.5435223837347375,0.016982736579053435,82.04397374507671,0.23270857508528192,0.10226497168062298,0.13044360340465894,0.0,0.09967904688643872,0.0,0.011178696356978006,0.0,0.019585137449243232,0.5029645724536789,0.23070629060318448,0.255235262887332,0.020857013776062704,0.020724455082128567,99.87984645474891,0.15649360859843442,0.13693368569728015,0.10306032318641567,0.38815902583239775,0.0,7.227119989614633e-07
43.0,0.3771476462105442,0.44192659805564427,0.42238319325658485,0.5891834204952896,0.013420871366188258,64.83652460120614,0.324160829055647,0.30270200709933875,0.30308287779533866,0.07005428604967563,0.018041823284784642,87.16044490237792,0.3433549203005567,0.3445898487842195,0.33791766911461907,0.5423509703372902,0.017209431914999972,83.13914389648029,0.22228058446850868,0.10191424877519502,0.12036633569331368,0.0,0.09387491737055463,0.0,0.009442069314484935,0.0,0.017048651297492962,0.5029337470942958,0.23067042464941723,0.25520005218778863,0.02084766250491064,0.020724020323976213,99.88194178069548,0.15798278848657193,0.13520099358636728,0.1013592865511036,0.38770726386735066,0.0,6.97710781154113e-07
44.0,0.3748379172430603,0.43799853404451056,0.4186700346911772,0.5890915629635521,0.01359337247696122,65.66988125944397,0.32350035378444164,0.3032006836642296,0.3032945230136046,0.07000443953772431,0.018249712523618407,88.16476238521506,0.34198556396049296,0.3429632554387627,0.33645969146273397,0.5411813821979743,0.0174286220716458,84.19805636169572,0.21273017401532052,0.10158181524465568,0.11114835877066484,0.0,0.0884226537900916,0.0,0.007933316294152554,0.0,0.01479171595997062,0.5029038047715739,0.2306355391337542,0.2551658324373475,0.020838614783830665,0.02072357801518416,99.88407358732583,0.15942930867948962,0.13351566665580072,0.09970612288476133,0.38727016647301576,0.0,6.727264500763898e-07
45.0,0.3725970136387683,0.4341633194817481,0.4150576689240005,0.5889962871407434,0.013762645073171875,66.48764089285883,0.32285742680701185,0.3036655217414439,0.30347925894138966,0.06999779251015459,0.01844885289177367,89.12681388147786,0.3406531054342733,0.3414163196307878,0.33506766322181497,0.5400137577880357,0.017640435438508767,85.22133139330609,0.2039743137756354,0.10126667778255444,0.10270763599308098,0.0,0.08329488746271764,0.0,0.006625150910844737,0.0,0.012786949731852801,0.5028747130036708,0.23060161041010926,0.255132577513253,0.020829855096509975,0.020723130073351956,99.88623263640636,0.16083473838213674,0.13187656255795965,0.09809957019132443,0.38684698405291007,0.0,6.478876657886415e-07
46.0,0.3704222005644476,0.43042057486682095,0.41154458132788674,0.5888976191785877,0.01392884741040416,67.29056803765566,0.3222310295970403,0.30409801489038907,0.30363885734426027,0.07003209816831028,0.018639657500596797,90.04859514116204,0.3393567486694788,0.33994449226947926,0.3337375519623585,0.5388482286932922,0.017845007256300158,86.20962234216063,0.19593922456418955,0.10096789974377403,0.09497132482041552,0.0,0.0784674537125132,0.0,0.005493691184638258,0.0,0.01100955661648155,0.5028464404003203,0.2305686147772728,0.25510026136655795,0.020821369028737505,0.02072267825651521,99.88841045729929,0.16220059406516568,0.13028253628219616,0.09653837004042454,0.3864370202533289,0.0,6.233067825163224e-07
47.0,0.36831091498220436,0.4267697203852624,0.40812911817588376,0.5887955848913259,0.014092112746782225,68.07930646676162,0.32162016755417344,0.30449959780241287,0.3037749723085804,0.07010526233483318,0.01882252304559101,90.9320226089642,0.338095655131304,0.33854348401956214,0.3324656019811481,0.5376849200234851,0.01804247887474346,87.1636120718808,0.18855921059373,0.10068459798614444,0.08787461260758554,0.0,0.0739189287516415,0.0,0.004518008156781646,0.0,0.009437076618221617,0.5028189566285822,0.23053652853799253,0.2550688580859485,0.020813143172353915,0.020722224171848356,99.89059930513767,0.16352834111959397,0.12873244300904552,0.09502127065079347,0.38603962732314684,0.0,5.990809407792081e-07
48.0,0.36626074779929774,0.42320999852495067,0.40480950952792616,0.5886902098359175,0.014252551901040949,68.85439154792107,0.32102387751310535,0.30487164630458136,0.30388914573809866,0.07021533044421464,0.018997829870804624,91.77893373534286,0.3368689494439439,0.33720925070189917,0.3312483143386259,0.536523950787339,0.018232996993223356,88.08400929041889,0.181775646489919,0.100415939892949,0.08135970659696999,0.0,0.06963023012382566,0.0,0.0036797385449959504,0.0,0.00804916263496465,0.5027922323804145,0.23050532805431498,0.2550383419558452,0.02080516503862956,0.020721769284209733,99.89279211976731,0.1648193954233722,0.12722514078377678,0.09354702969713968,0.3856542019290892,0.0,5.752931837255462e-07
49.0,0.364269428002537,0.4197404948263782,0.40158388976047116,0.5885815193831836,0.014410255821421698,69.61626265408734,0.32044123318840767,0.3052154779521749,0.3039828130684931,0.07036047579092428,0.019165942158317188,92.59108789193017,0.33567572533167467,0.3359379793958925,0.33008242821251094,0.5353654342370102,0.018416712901408113,88.97154488148813,0.17553609893695313,0.10016114056006369,0.07537495837688944,0.0,0.06558427412671573,0.0,0.00296275174454605,0.0,0.006827380492051447,0.5027662393417643,0.23047498979895584,0.25500868750882694,0.02079742298004582,0.02072131492448769,99.89498248565032,0.16607512483461478,0.12575949299811495,0.09211441684274779,0.3852801813769715,0.0,5.520135762127876e-07
50.0,0.36233480860548234,0.41636015688289224,0.39845031592373115,0.5884695387797932,0.014565298088200875,70.36527525319325,0.31987134892600755,0.30553235308272414,0.3040573090899271,0.07053898890134129,0.019327208213702162,93.3701677506083,0.33451505162587925,0.33472607523865755,0.3289649035133659,0.5342094781851491,0.01859378173331043,89.82696830091413,0.16979356540181434,0.09991946013450298,0.06987410526731137,0.0,0.06176568369644112,0.0,0.0023528630296551223,0.0,0.005755029240905845,0.5027409501629381,0.23044549040258788,0.25497986957251767,0.02078990611957844,0.020720862297714547,99.89716459288726,0.1672968506230315,0.12433437067472441,0.0907222160045974,0.38491704019536005,0.0,5.293003092848866e-07
51.0,0.360454854242116,0.4130678117066485,0.3954067841049177,0.5883542932013005,0.014717737296199102,71.10171241810534,0.3193133820766776,0.3058234762244309,0.30411387378758636,0.07074926791130512,0.019481960824035402,94.11778101305639,0.3333859781620173,0.33357014890958203,0.32789290470404114,0.5330561852974116,0.018764361745099652,90.65104408772999,0.1645058144355938,0.09969020129347894,0.06481561314211486,0.0,0.05816054053235067,0.0,0.001837586101442094,0.0,0.004816979307545826,0.5027163384300646,0.2304168066970267,0.25495186331114583,0.020782604286688225,0.02072041249092182,99.89933319948366,0.1684858488485509,0.12294865455352028,0.08936922736110448,0.3845642870432712,0.0,5.072007762712378e-07
52.0,0.3586276302477996,0.4098621815738993,0.39245124396803427,0.5882358077966541,0.014867619282105496,71.82579558687634,0.31876653425873175,0.30608999776919665,0.304153658127362,0.07098980984470972,0.01963051766965538,94.83546239997315,0.3322875414375647,0.33246700478391666,0.32686378576256625,0.5319056533629057,0.018928613624324363,91.44454852701529,0.15963481393146117,0.09947270685487045,0.060162107076590726,0.0,0.054756175671671375,0.0,0.0014059192068666877,0.0,0.003999526445442786,0.5026923786375064,0.2303889157543658,0.25492464426203326,0.020775507959317853,0.020719966480716934,99.90148359495412,0.16964335169412254,0.12160123698230402,0.08805426911491021,0.38422146190802203,0.0,4.857526098796785e-07
53.0,0.35685129307671115,0.40674189845972625,0.389581611631759,0.5881141077247397,0.015014979175712668,72.53769447230661,0.3182300517354135,0.30633301583551237,0.30417772972860946,0.07125920270046476,0.019773181774648037,95.52467582737913,0.33121876993996385,0.33141362973525407,0.325875076226863,0.5307579755447662,0.01908669983599709,92.20826649081702,0.1551462354231954,0.09926635751136456,0.055879877911830814,0.0,0.05154099322818066,0.0,0.0010481599541380434,0.0,0.0032902597448398155,0.5026690461611076,0.23036179492216682,0.2548981883673025,0.020768608211274093,0.02071952514056604,99.9036115653369,0.17077054875812508,0.12029102361679733,0.0867761790246665,0.38388813356325574,0.0,4.6498467228680766e-07
54.0,0.3551240819141624,0.4037055171678337,0.3867957810372742,0.5879892181836001,0.015159843264946939,73.23753607194611,0.31770322509643784,0.3065535782594358,0.30418707837855413,0.07155611826557216,0.019910241984075434,96.18681671211884,0.3301786890840889,0.33040718256395024,0.3249244682594195,0.5296132406127905,0.01923878400918542,92.94298847475777,0.15100902403741612,0.09907056968157535,0.05193845435584077,0.0,0.04850432254163352,0.0,0.0007557447036303095,0.0,0.002677942192584371,0.502646317232191,0.2303354218548482,0.25487247200110996,0.020761896664445913,0.020719089247773607,99.90571335966284,0.17186858831059154,0.11901693493703969,0.08553381572067198,0.3835638972605864,0.0,4.4491799257005096e-07
55.0,0.3534443113519213,0.4007515272558642,0.3840916339478753,0.5878611644330196,0.015302230672561664,73.92541276823667,0.31718538840209587,0.30675268466302713,0.30418262135366336,0.07187930558121361,0.020041973458426645,96.82321436056388,0.32916632572289667,0.3294449840265651,0.32400980467059975,0.5284715331598439,0.019385030366292636,93.64950784087786,0.14719502507399573,0.09888479347223254,0.04831023160176319,0.0,0.04563629451567972,0.0,0.0005211090443907343,0.0,0.0021524024750450513,0.5026241689122353,0.2303097745414444,0.25484747199272073,0.02075536544537043,0.020718659490152235,99.90778565790951,0.17293857851651662,0.11777790758845191,0.08432605981963548,0.3832483726312912,0.0,4.255666476867086e-07
56.0,0.3518103650046321,0.39787836385114395,0.38146704871209675,0.5877299718111733,0.015442154848109388,74.60138953626229,0.3166759179216413,0.30693128855916685,0.3041652085224054,0.0722275849967865,0.020168638177748433,97.43513440407924,0.3281807122138582,0.3285245074401068,0.3231290678404155,0.5273329338035464,0.019525603196045117,94.32861827162603,0.14367865939329333,0.09870851074613499,0.04497014864715834,0.0,0.04292773843197435,0.0,0.0003375663954508448,0.0,0.0017044368811483127,0.5026025790681831,0.23028483132992691,0.2548231656457434,0.02074900714571312,0.02071823647238039,99.90982554045142,0.17398158862877733,0.1165728955567723,0.08315181485389528,0.38294120177710084,0.0,4.0693858483857174e-07
57.0,0.35022068995543193,0.3950844174460137,0.3789199079121298,0.5875956657460234,0.015579624882802156,75.26551029586821,0.31617423057480265,0.3070902994598226,0.3041356272114689,0.07259984275390591,0.02029048544950339,98.02378125249724,0.32722089003835847,0.3276433698341331,0.32228036948022076,0.526197519374584,0.019660666370289397,94.98111143549527,0.14043664084820717,0.09854123329101744,0.04189540755718973,0.0,0.0403700960051938,0.0,0.0001992022154520211,0.0,0.001325720300159546,0.5025815263483357,0.23026057094828775,0.2547995307538362,0.02074281478627621,0.020717820722048502,99.91183045900364,0.17499865015262356,0.11540087118662296,0.08201000803019587,0.38264204753143666,0.0,3.8903638436722235e-07
58.0,0.3486737919287244,0.39236804275610493,0.37644810500962816,0.5874582717621253,0.015714646657504352,75.91780345763956,0.31567978216572096,0.3072305849617461,0.30409460682390005,0.07299502604863291,0.02040775241547953,98.59030054300887,0.3262859129822772,0.32679932362348924,0.3214619411777896,0.5250653630928352,0.019790382903995454,95.6077748613891,0.13744772992676457,0.09838250108482616,0.039065228841938415,0.0,0.03795534988117503,0.0,0.00010078167774405423,0.0,0.0010087254250559605,0.5025609901588066,0.2302369725225947,0.2547765456131888,0.02073678178419097,0.02071741269539593,99.91379820904723,0.17599075798324704,0.11426082605374649,0.08089959083269532,0.38235059187446335,0.0,3.71857963370998e-07
59.0,0.3471682310976511,0.38972756671919606,0.3740495500917053,0.5873178154834614,0.015847223835700735,76.55828671995172,0.3151920654819751,0.3073529727894194,0.3040428232029024,0.07341213852570308,0.020520664554097803,99.13578156682243,0.3253748498940722,0.32599024877455685,0.3206721256715075,0.5239365347323778,0.019914914557328463,96.20939001622146,0.13469251858021136,0.09823188065316805,0.036460637927043314,0.0,0.03567596417554053,0.0,3.766898285680852e-05,0.0,0.0007466493714248668,0.5025409506405071,0.23021401559222626,0.25475418903207203,0.020730901922986666,0.020717012782743894,99.91572690371166,0.17695887151758838,0.11315177170102386,0.07981953948429443,0.382066534487113,0.0,3.5539722111008755e-07
60.0,0.34570261844299366,0.38716129570671426,0.37172217481110414,0.5871743226328813,0.015977358714105376,77.1869711782809,0.3147106083172492,0.3074582527799711,0.30398090273937534,0.07385023616340437,0.02062943617528313,99.66125965989639,0.32448678704243167,0.3252141454382755,0.31990936880186743,0.522811100776322,0.020034421478258478,96.78673057835621,0.1321532419149759,0.09808896351490387,0.03406427840007204,0.0,0.0335248350026002,0.0,5.756745816386983e-06,0.0,0.0005333470070275502,0.5025213886466474,0.23019168012249477,0.2547324403377319,0.020725169325261264,0.02071662131363048,99.9176149490852,0.17790391574126307,0.11207274024828673,0.07876885527970506,0.3817895914308014,0.0,3.396446279006875e-07
61.0,0.34427561258895484,0.384667522014594,0.36946393660619653,0.5870278190286742,0.0161050529438263,77.80386480916621,0.31423497146428414,0.30754717879887106,0.3039094262247741,0.07430842351207062,0.02073427090572101,99.83256227689198,0.32362083009940007,0.32446912702381187,0.3191722120910444,0.5216891245623213,0.02014906188389743,97.34056089813919,0.12981361303652594,0.09795336471202533,0.031860248324500615,0.0,0.03149524925545525,0.0,1.4041202549223772e-06,0.0,0.000363270361030716,0.5025022857207395,0.2301699465148595,0.25471127938089144,0.020719578427707972,0.020716238561655734,99.91946102091528,0.17882678229127486,0.11102278488572542,0.07774656480292774,0.38151949394095414,0.0,3.245877597229535e-07
62.0,0.3428859170494556,0.3822445296951031,0.3672728222786844,0.5868783305787578,0.01623030813483983,78.4089753904387,0.31376474671474563,0.30762047057859526,0.3038289324536746,0.07478585025298473,0.020835362162846153,99.34818388482391,0.3227761057772085,0.32375341368754035,0.31845928590396955,0.5205706664195182,0.020258991778564887,97.87163463586765,0.12765867786003526,0.0978247214200931,0.029833956439942157,0.0,0.029580850170422113,0.0,2.1382511349591945e-05,0.0,0.00023141354638934873,0.5024836240750895,0.23014879561492696,0.25469068653810595,0.020714123958276966,0.020715864749044886,99.9212640426598,0.17972833049501796,0.11000098026037936,0.07675172004103226,0.38125598732368576,0.0,3.102117811036159e-07
63.0,0.34153227782620443,0.3798905997864255,0.3651468509996251,0.5867258832729111,0.016353126356082864,79.00231291717799,0.3132995548942719,0.30767881547522585,0.3037399215826187,0.07528170804788364,0.02093289361633127,98.88529648124806,0.32195176314817325,0.32306532621291584,0.3177693031469982,0.5194557837976105,0.020364364706467828,98.3806935669809,0.12567468715708066,0.09770269163563,0.027971995521450656,0.0,0.027775608445165863,0.0,6.282789088652682e-05,0.0,0.00013326268551913545,0.5024653865697745,0.23012820871842649,0.2546706427122012,0.02070880091527441,0.020715500050939833,99.9230231648418,0.18060938838593804,0.10900642276482214,0.07578339840533671,0.3809988299460672,0.0,2.96499879131153e-07
64.0,0.34021348130682755,0.3776040149922591,0.3630840768076884,0.5865705031734403,0.016473510542833043,79.5838915697749,0.31283904395401607,0.307722870140209,0.30364285825349746,0.07579522765227745,0.02102703963618075,98.44254955888401,0.32114697467723696,0.3224032802578252,0.3171010534629213,0.5183445313886516,0.020465331536820355,98.86846654396881,0.12384898349851825,0.09758695293697153,0.026262030561546724,0.0,0.026073797883639966,0.0,0.00012319886480771685,0.0,6.475037944746236e-05,0.5024475566920961,0.2301081675753413,0.25465112933100853,0.020703604548220785,0.020715144599428345,99.92473774566193,0.1814707536961277,0.10803823073673086,0.07484070267029175,0.3807477923113886,0.0,2.83433651579148e-07
65.0,0.3389283524177881,0.37538306385945236,0.36108259065736015,0.5864122164046156,0.016591464822292623,80.15373128683424,0.31238288713425394,0.30775326210629733,0.3035381744909669,0.07632567626848187,0.021117965726804345,98.01869262596705,0.3203609369962415,0.3217657809470721,0.31645339788368104,0.5172369612421397,0.020562040279214253,99.33566860442298,0.12216990108938552,0.09747720131517094,0.02469269977421458,0.0,0.024469974715388667,0.0,0.0002002397603130244,0.0,2.2214305060665705e-05,0.5024301185365071,0.23008865439236528,0.2546321283445935,0.020698530340308406,0.020714798487321464,99.92640733281875,0.18231319482606,0.10709554457757364,0.0739227608395921,0.38050265621167795,0.0,2.7099345222133346e-07
66.0,0.33767575299267943,0.37322604449776037,0.3591405220691179,0.5862510491411819,0.016706994767472602,80.71185899169468,0.31193078121093065,0.30777059128813694,0.30342627238427466,0.07687235511665766,0.02120582894666283,97.61256665173147,0.3195928714480138,0.32115141778874967,0.31582526390469934,0.516133122873898,0.02065463592707046,99.78300021474737,0.12062667677951867,0.09737315007165322,0.023253526707865454,0.0,0.022958959885340087,0.0,0.0002919480991646028,0.0,2.359564664327973e-06,0.5024130567850091,0.23006965183384617,0.25461362222115935,0.02069357399231395,0.020714461771689716,99.92803164648639,0.18313745179161323,0.1061775267981821,0.07302872594828669,0.3802632139505113,0.0,2.5915869643401977e-07
67.0,0.3364545803217608,0.37113126788214296,0.3572560404283873,0.5860870275962018,0.016820107588630655,81.25830951726954,0.31148244483220217,0.30777543139906743,0.30330752656444476,0.07743459720428562,0.02129077831325192,97.22309635683678,0.31884202442697523,0.32055885989436955,0.31521564094718724,0.5150330633691972,0.020743260327044953,99.78929825040788,0.11920937077999781,0.0972745287794034,0.02193484200059441,0.0,0.021535823736019474,0.0,0.000396545908953896,0.0,2.2244474908840995e-06,0.5023963566880165,0.23005114302136648,0.2545955939417928,0.02068873140783582,0.020714134477168838,99.92961056339821,0.18394423714850855,0.10528336199849309,0.07215777580892913,0.380029267629827,0.0,2.479081301561368e-07
68.0,0.33526376585334866,0.3690970607746452,0.3554273559753293,0.5859201780084602,0.01693081227067769,81.79312626986088,0.3110376169489555,0.30776833128654396,0.30318228648808926,0.07801176527641127,0.02137295519332991,96.8492832524786,0.31810766754136255,0.3199868514837276,0.31462357617717024,0.5139368274805354,0.020828052072327005,99.38305244644404,0.11790879582623995,0.09718108230456851,0.020727713521671434,0.0,0.02019587261007041,0.0,0.0005124543969785387,0.0,1.9149294557290877e-05,0.5023800040456867,0.2300331115321022,0.25457802699420296,0.02068399867973888,0.020713816599045403,99.93114410198729,0.18473423689426566,0.10441225678827204,0.071309112709119,0.37980062849506774,0.0,2.37220065190571e-07
69.0,0.334102274021901,0.367121768299777,0.35365272052316754,0.5857505266296233,0.017039119664153137,82.3163616686633,0.3105960553408616,0.30774981618921,0.30305087853923096,0.0786032499306974,0.02145249367840671,96.49019934427872,0.31738909762037404,0.31943420765657954,0.3140481706522229,0.5128444577204476,0.02090914641784375,98.9976037326351,0.11671645370853766,0.09709256988544687,0.01962388382309078,0.0,0.01893463698975399,0.0,0.0006382715739095973,0.0,5.074818684342898e-05,0.5023639851897131,0.2300155413960916,0.2545609053655931,0.020679372077700382,0.020713508106133517,99.93263240852976,0.18550811134777567,0.10356343965515524,0.07048196306712984,0.3795771163335216,0.0,2.2707258376777616e-07
70.0,0.3329691011813759,0.3652037562044355,0.3519304279388224,0.585578099711319,0.01714504253659224,82.82807739392017,0.3101575352376033,0.3077203889190788,0.30291360796047134,0.0792084678828465,0.021529520945601965,96.14498142766114,0.3166856365877038,0.31889981041426985,0.31348857576905304,0.5117559944496873,0.02098667521547201,98.63188762435836,0.11562447824443055,0.09700876426593481,0.018615713978495735,0.0,0.017747860864098682,0.0,0.0007727524681784807,0.0,9.488320250345165e-05,0.50234828696558,0.2299984170925349,0.25454421353479084,0.020674848036760937,0.02071320894345246,99.93407574424457,0.18626649600659356,0.10273616078589454,0.06967557705170502,0.37935855892121645,0.0,2.1744371512113545e-07
71.0,0.3318632746257421,0.363341412830771,0.35025881441604034,0.5854029234922792,0.01724859559037715,83.3283444731629,0.30972184803346225,0.30768053097256487,0.3027707606246526,0.07982686036932027,0.021604157604051172,95.81282591056399,0.3159966312210572,0.3183826049154891,0.3129439899871093,0.5106714759610902,0.02106076686745124,98.28490123312622,0.11462558389828306,0.09692945088059812,0.01769613301768494,0.0,0.016631492075747097,0.0,0.0009147916182919031,0.0,0.0001496410120592099,0.5023328967152749,0.2299817235452381,0.2545279364637498,0.020670423146793425,0.020712919034715963,99.93547447329784,0.1870100023820674,0.1019296918462414,0.06888922817152349,0.3791447915141621,0.0,2.0831158673042605e-07
72.0,0.3307838516814061,0.36153315082797083,0.3486362585679682,0.5852250241856599,0.017349795452484603,83.8172432316816,0.3092888000923522,0.3076307035742624,0.30262260465787816,0.08045789167550722,0.02167651802709616,95.49298410721912,0.31532145281539653,0.3178815959513308,0.31241365580529984,0.5095909385594065,0.021131546296287385,97.955699144696,0.1137130193650797,0.09685442708863609,0.01685859227644361,0.0,0.01558167345015592,0.0,0.0010634075702036915,0.0,0.0002133116015312827,0.5023178022604591,0.22996544611730424,0.25451205958852724,0.020666094142810953,0.02071263828464308,99.93682905166477,0.18773921881243633,0.10114332572448781,0.06812221283930475,0.3789356563801234,0.0,1.996545527134881e-07
73.0,0.3297299188588289,0.3597774086267131,0.34706118136319514,0.585044427966639,0.017448660640914472,84.29486313034073,0.30885821163959215,0.3075713486574293,0.3024693919243904,0.08110104777858818,0.021746710670541486,95.18475795354851,0.3146594967658827,0.31739584462576736,0.31189685697071023,0.5085144166373625,0.021199134929536106,97.64338961668368,0.11288052553059577,0.0967835014541067,0.01609702407648907,0.0,0.014594734551345013,0.0,0.0012177291413645224,0.0,0.0002843689324778384,0.5023029918860884,0.229949570605168,0.25449656880982835,0.020661857896042028,0.020712366581100233,99.93814001680279,0.18845471125405328,0.10037637624326967,0.06737384991502132,0.3787310023674621,0.0,1.914513016958633e-07
74.0,0.32870059105277993,0.3580726516980044,0.34553204592664405,0.5848611609603673,0.01754521151201101,84.7613025110869,0.3084299157361686,0.3075028897851146,0.3023113593833803,0.08175583509533649,0.021814838377293297,94.88749610063233,0.3140101820847764,0.3169244652285696,0.3113929158998936,0.5074419427481899,0.0212636506979521,97.34713106723012,0.11212229730113923,0.09671649306988317,0.01540580423125607,0.0,0.013667183942245248,0.0,0.0013769832429223136,0.0,0.00036145336514216804,0.5022884543244849,0.22993408323206063,0.25448145048320175,0.020657711405707893,0.02071210379708428,99.93940797808948,0.1891570240509129,0.09962817784386269,0.06664348023222871,0.3785306845078968,0.0,1.836809463397827e-07
75.0,0.3276950107825423,0.3564173736162524,0.34404735722431407,0.5846752492303393,0.017639470192365826,85.21666826797052,0.3080037573308884,0.30742573301579257,0.30214873032734146,0.08242177932597773,0.0218809986687253,94.60059034782299,0.31337295086496236,0.31646662228855044,0.31090119129487864,0.5063735476748444,0.021325208045588642,97.06612882914104,0.1114329488651337,0.09665323092291471,0.014779717942218999,0.0,0.012795701855157495,0.0,0.0015404840774270571,0.0,0.0004433556865379037,0.5022741787398528,0.22991897064098574,0.2544666914089596,0.02065365179144269,0.02071184979255538,99.94063360798233,0.18984668068269023,0.09889808524683152,0.06593046611110076,0.3783345636503193,0.0,1.7632309654186126e-07
76.0,0.3267123474649814,0.35481009694471916,0.3426056616487372,0.584486718767231,0.01773146049851989,85.66107545922463,0.3075795923856371,0.30734026771724093,0.3019817155110889,0.08309842438603322,0.021945284023136512,94.32347238153883,0.31274726770126615,0.3160215277958209,0.3104210759375072,0.5053092604961174,0.021383917950526472,96.7996321464739,0.11080748200766813,0.09659355329846815,0.01421392870919998,0.0,0.011977133199933737,0.0,0.0017076235518613514,0.0,0.0005290025994867277,0.5022601547132345,0.2299042198872782,0.2544522788218883,0.020649676286302467,0.020711604416128803,99.94181763385748,0.19052418449152636,0.0981854730925601,0.06523419086136717,0.3781425061230594,0.0,1.693579181635557e-07
77.0,0.32575179671474436,0.35324937395994277,0.3412055465200882,0.5842955954782446,0.017821207847257697,86.09464687389385,0.30715728706890005,0.3072468673322477,0.3018105141800596,0.08378533141879273,0.022007782141681545,94.05561078964695,0.3121326190793557,0.3155884385825062,0.30995199464707335,0.504249108649825,0.02143988795500524,96.54693139280617,0.11024125714932723,0.096537307221126,0.013703949928201238,0.0,0.01120848085515086,0.0,0.001877862765359473,0.0,0.0006174435415119071,0.5022463722279004,0.22988981843081324,0.2544382003808098,0.020645782230313874,0.02071136750663392,99.94296083048735,0.1911900193878212,0.09748973556486529,0.06455405827799643,0.37795438342221965,0.0,1.6276617899845218e-07
78.0,0.324812579667003,0.35173378723029114,0.33984563951616387,0.5841019051769851,0.017908739158905444,86.51751256466582,0.3067367170127374,0.30714589009954973,0.30163531500600094,0.08448207788171187,0.022068576202163712,93.79650832473703,0.31152851274076027,0.3151666538520841,0.3094934023874993,0.5031931179932516,0.021493222203819058,96.30735549244629,0.10972996682344882,0.0964843479304211,0.013245618893027717,0.0,0.010486899201551556,0.0,0.0020507244479904796,0.0,0.0007078387142021361,0.5022328216551685,0.22987575412792563,0.2544244441580439,0.02064196706451763,0.020711138894548762,99.94406401311717,0.19184465053532096,0.09681028600060809,0.06388949213214407,0.37777007192391504,0.0,1.5652928354603035e-07
79.0,0.32389394231911167,0.35026195006250993,0.33852460804290085,0.5839056735738888,0.017994082755705784,86.92980935691742,0.30631776662851906,0.30703767973321716,0.3014562969376457,0.08518825670061818,0.02212774510109019,93.54569939254044,0.31093447703138954,0.3147555128481725,0.30904478251144857,0.5021413128610057,0.021544021489925153,96.08026952764303,0.10926961134253535,0.09643453838908517,0.01283507295345019,0.0,0.009809687868012106,0.0,0.002225786241825791,0.0,0.0007994482143142885,0.5022194937406453,0.2298620152230933,0.2544109986288196,0.020638228325465857,0.020710918403317624,99.94512803110469,0.19248852501581448,0.09614655648793297,0.06323993565958774,0.3775894526184364,0.0,1.5062929800450708e-07
80.0,0.32299515488835023,0.34883250682893985,0.33724115855572245,0.5837069262672144,0.018077268257040296,87.33168034253215,0.3059003284768917,0.30692256606349405,0.30127362997347373,0.08590347548614044,0.022185363684389548,93.30274774435365,0.3103500602399034,0.31435439265421816,0.3086056451298584,0.5010937161204373,0.021592383306297026,95.86507251645897,0.10885647643581484,0.09638774882198697,0.012468727613827868,0.0,0.009174285668821775,0.0,0.0024026747284638774,0.0,0.0008916221675754266,0.5022063795908818,0.229848590340435,0.2543978526606743,0.020634563640135724,0.020710705850559608,99.94615376208492,0.19312207247377278,0.09549799745551713,0.06260485104860758,0.3774124108645296,0.0,1.4504896678750903e-07
81.0,0.3221155111835804,0.3474441331869917,0.33599403584076537,0.5835056887346007,0.018158326473002646,87.72327436574984,0.30548430268765947,0.3068008656419054,0.30108747586317613,0.08662735580725907,0.022241502967195674,93.06724435459019,0.30977482993135264,0.31396270611611854,0.3081755255963639,0.5000503492247548,0.021638401903132348,95.6611953474114,0.1084871126667407,0.09634385628393195,0.012143256382808743,0.0,0.008578264717596566,0.0,0.0025810601185240994,0.0,0.000983791774966361,0.5021934706604378,0.22983546847506625,0.25438499550287685,0.02063097072122534,0.02071050104917464,99.94714210662879,0.1937457057412904,0.09486407725497165,0.06198371892902449,0.37723883616213705,0.0,1.397717217154711e-07
82.0,0.32125432798918285,0.34609553620147704,0.3347820222639388,0.5833019863251898,0.01823728929758954,88.10474550716971,0.3050695964254877,0.30667288231323686,0.30089798874396584,0.08735953251730956,0.022296230343098817,92.83880546659493,0.3092083722806821,0.3135798998803479,0.3077539830970043,0.4990112322639701,0.021682168349600316,95.46809885827213,0.1081583164621817,0.09630274425458801,0.011855572207593689,0.0,0.008019324708070031,0.0,0.002760651528537627,0.0,0.0010754611893010883,0.502180758739346,0.2298226389843533,0.2543724167759063,0.020627447362800415,0.020710303808354123,99.94809398336125,0.19435982144370367,0.09424428173832039,0.06137603786389234,0.3770686219420887,0.0,1.3478168494280361e-07
83.0,0.3204109444600791,0.34478545437948577,0.3336039369947838,0.5830958442523105,0.018314189602569184,88.47625257102654,0.3046561233975945,0.30653890775680115,0.3007053157174348,0.08809965312816956,0.022349609783263266,92.61707079160949,0.30865029140995454,0.31320545254066334,0.3073405993364394,0.4979763840137911,0.02172377059938462,95.2852720475689,0.1078671126047914,0.09626430225889229,0.011602810345899108,0.0,0.00749528735563221,0.0,0.0029411927793665396,0.0,0.001166200147233802,0.502168235940967,0.22981009157910096,0.25436010646101137,0.02062399143626313,0.020710113934502387,99.94901032450926,0.19496480058627846,0.09363811383228321,0.060781323845142066,0.37690166537135594,0.0,1.3006366655603883e-07
84.0,0.31958472152699197,0.34351265762667527,0.33245863521122593,0.5828872875867135,0.018389061132904148,88.83795857997637,0.3042438033998461,0.30639922199921166,0.300509597372224,0.08884737722871815,0.022401702025804736,92.40170184733913,0.3081002087325036,0.31283887288693096,0.3069349773126793,0.49694582198257203,0.0217632935593449,95.11223040836703,0.10761073805703947,0.09622842551138204,0.011382312545657434,0.0,0.007004090996099459,0.0,0.0031224586579102855,0.0,0.0012556372884900016,0.5021558946902298,0.22979781631470633,0.2543480548898761,0.020620600886616866,0.020709931232075228,99.9498920718494,0.195561009122374,0.0930450931109057,0.060199109794299155,0.37673786717260005,0.0,1.25603157689196e-07
85.0,0.3187750413113752,0.342275947133079,0.3313450072905374,0.5826763412503441,0.018461938404446862,89.19003028086101,0.3038325618979348,0.3062540939007077,0.3003109682573726,0.08960237594398492,0.022452564755816414,92.19238042393857,0.3075577623066556,0.3124796982500454,0.3065367401730348,0.49591956245642743,0.02180081916068152,94.94851437484392,0.10738662700005214,0.09619501458297725,0.011191612417074885,0.0,0.006543785339993745,0.0,0.0033042515905712354,0.0,0.0013434541001900071,0.5021437277122447,0.2297858035823065,0.25433625273440946,0.020617273729002714,0.020709755504341017,99.95074017302882,0.19614879850349937,0.09246475536791043,0.05962894506923766,0.37657713145685096,0.0,1.213863198981524e-07
86.0,0.3179813065496575,0.3410741551958511,0.3302619779911331,0.5824630300106393,0.018532856604486937,89.53263766425013,0.30342232964056776,0.3061037816169035,0.30010955731082534,0.09036433143170347,0.02250225277642443,91.9888071664554,0.30702260620116495,0.31212749293731806,0.30614553014464513,0.4948976205426042,0.021836426432048864,94.79368787299886,0.10719239698309774,0.09616397508882293,0.011028421894274805,0.0,0.0061125263817850654,0.0,0.003486398682846991,0.0,0.001429379429671291,0.5021317280212843,0.2297740440999461,0.25432469099667754,0.020614008045485688,0.02070958655406989,99.95155557823294,0.19672850621169113,0.09189665218999066,0.05907039497779054,0.3764193655682478,0.0,1.1739997145853076e-07
87.0,0.3172029400266118,0.33990614498573046,0.3292085056292122,0.5822473784753316,0.018601851495609265,89.86595349997748,0.3030130423018463,0.3059485330376756,0.2999054882472214,0.0911329364132568,0.022550818171246,91.79070026384639,0.3064944098740738,0.3117818467530794,0.3057610075335314,0.4938800102112042,0.02187019157411627,94.64733696759968,0.10702583609056099,0.09613521739587917,0.01089061869468181,0.0,0.005708571464239345,0.0,0.003668749084612783,0.0,0.0015131845142585022,0.5021198889101197,0.22976252890378637,0.2543133609989917,0.02061080198207034,0.020709424184156385,99.95233923717439,0.19730045627464393,0.09134035053212824,0.05852304029891109,0.37626447993986306,0.0,1.1363157117861913e-07
88.0,0.31643938401778193,0.3387708102634315,0.32818358125371516,0.5820294110877425,0.018668959323218128,90.19015289038795,0.30260464015024824,0.3057885862047543,0.29969887990874816,0.09190789373624939,0.022598310458615253,91.59779423563958,0.30597285756633674,0.3114423735995866,0.3053828497866644,0.49286674433534117,0.021902188035127213,94.50906859814654,0.10688489104282467,0.09610865634901981,0.01077623469380486,0.0,0.005330274498338617,0.0,0.0038511716452367104,0.0,0.0015946784810293012,0.5021082039397061,0.22975124933937632,0.25430225437416504,0.020607653745927178,0.02070926819817991,99.95309209638155,0.19786495976403223,0.09079543229589054,0.05798647681196534,0.37611238795970986,0.0,1.1006920022995889e-07
89.0,0.31569009974098794,0.3376670750516361,0.32718622782258433,0.5818091521225444,0.01873421672699248,90.50541284257602,0.30219706774185245,0.3056241697094485,0.29948984658253086,0.09268891596616816,0.02264477673793194,91.40983880816938,0.3054576477112295,0.31110871015364494,0.30501075061203,0.4918578347298118,0.021932486587055853,94.37850939724233,0.1067676561558421,0.09608421101447429,0.010683445141367823,0.0,0.004976081339299147,0.0,0.004033552826707947,0.0,0.0016737042738182758,0.5020966669292063,0.22974019705300244,0.2542913630559475,0.020604561602812772,0.02070911840090792,99.95381509676395,0.19842231527746462,0.09026149391154292,0.05746031483463776,0.3759630058461069,0.0,1.0670154245364553e-07
90.0,0.3149545668169922,0.33659389326778,0.326215499382893,0.5815866256819723,0.018797660656461726,90.81191186053047,0.3017902736356546,0.305455503071808,0.29927849828773617,0.0934757250048013,0.022690261828479233,91.22659787306988,0.3049484923602873,0.3107805146146488,0.30464441915212453,0.4908532921883546,0.021961155402003107,94.2553045853197,0.106672363091494,0.09606180443951323,0.010610558651980774,0.0,0.004644525319070703,0.0,0.004215794846526464,0.0,0.0017501349685200781,0.5020852719463438,0.22972936398313293,0.254280679269647,0.02060152387466785,0.020708974598745915,99.95450917143398,0.19897280940450984,0.08973814592471208,0.05694417876984065,0.3758162525316416,0.0,1.0351786352977009e-07
91.0,0.3142322827394449,0.33555024832237945,0.32527048025703276,0.5813618556924653,0.018859328290824703,91.10982955777824,0.301384210129021,0.3052827971024104,0.2990649410352947,0.0942680517332738,0.022734808401046677,91.04784852139088,0.304445116626287,0.3104574655200197,0.30428357920672366,0.489853126519567,0.021988260128516336,94.13911693617085,0.10659737133726552,0.09604136342734587,0.010556007909919646,0.0,0.0043342229354355385,0.0,0.00439781402525497,0.0,0.001823870441239786,0.5020740132980777,0.22971874235196915,0.2542701955229432,0.020598538937378917,0.02070883660013842,99.95517524376558,0.1995167171772369,0.08922501258823629,0.05643770666193976,0.37567204955503425,0.0,1.0050798935209145e-07
92.0,0.3135227623542524,0.3345351526872399,0.32435028423682005,0.5811348659017149,0.018919256963080805,91.39934629086008,0.3009788330115105,0.30510625424785887,0.29884927706289777,0.09506563567773296,0.02277845710268372,90.87338014730872,0.3039472581435902,0.31013926062427344,0.30392796850113935,0.488857346581545,0.02201386396755371,94.02962580818411,0.1065411593594326,0.09602281832625724,0.010518341033175362,0.0,0.004043869697458442,0.0,0.004579539316420541,0.0,0.0018948343570124857,0.5020628855215874,0.229708324657116,0.2542599045969001,0.020595605218690215,0.020708704215924415,99.95581422567253,0.2000543025057035,0.08872173145975715,0.055940549762541814,0.3755303209602632,0.0,9.766228389334517e-08
93.0,0.31282553734851415,0.3335476474375131,0.32345405378709186,0.5809056798761009,0.01897748408849379,91.6806428137377,0.3005741013354612,0.3049260689209757,0.2986316050476879,0.09586822469587539,0.022821246674899823,90.70299361594489,0.30345466654600134,0.30982561583818313,0.30357733799652176,0.48786596031530827,0.02203802774784934,93.92652623660238,0.10650231637897578,0.09600610283207336,0.010496213546902418,0.0,0.00377223612663982,0.0,0.004760910998925281,0.0,0.001962971449710499,0.5020518833755613,0.22969810366338073,0.25424979953717913,0.020592721196253702,0.020708577259651098,99.95642701608837,0.200585818598829,0.08822795300552377,0.05545237210602322,0.3753909932023604,0.0,9.497162681719892e-08
94.0,0.31214015574917714,0.332586801771228,0.32258095926010594,0.5806743209984943,0.019034047097371245,91.95389995304987,0.3001699772018971,0.30474242781659727,0.29841202029885094,0.0966755746826548,0.022863214065615842,90.53650049029474,0.302967102962156,0.30951626422472267,0.30323145123906886,0.48687897477706593,0.0220608100004669,93.82952808249257,0.10647953472387904,0.09599115380309693,0.010488380920782109,0.0,0.0035181639126858635,0.0,0.004941879514310116,0.0,0.002028245066395087,0.5020410018317782,0.22968807239470895,0.25423987364545725,0.02058988539580599,0.020708455547848913,99.95701449963313,0.20111150837107777,0.08774334021081576,0.05497285009493125,0.37525399505933715,0.0,9.242739104280984e-08
95.0,0.311466181431541,0.3316517125096054,0.3217301981218377,0.5804408124664058,0.019088983372109528,92.2192983039752,0.29976642556044697,0.30455551021379296,0.29819061493211685,0.0974874492936432,0.022904394535161396,90.37372231270625,0.30248433952834575,0.3092109550486775,0.3028900837452883,0.4858963961693794,0.0220822670323585,93.73835523445621,0.10647160271544323,0.09597791108671061,0.010493691628732616,0.0,0.003280562222381271,0.0,0.005122404433156038,0.0,0.0020906349517748626,0.5020302360669746,0.22967822412626462,0.2542301204710513,0.020587096389461795,0.02070833890027127,99.95757754545086,0.20163160483537662,0.08726756819732506,0.05450167209533696,0.37511925754974157,0.0,9.002142044481484e-08
96.0,0.3108031936377344,0.3307415035811786,0.3209009941910702,0.5802051772904603,0.01914233018842781,92.47701794633244,0.29936341402210037,0.30436548826526305,0.2979674780279946,0.09830361968464198,0.022944821756602278,90.21448993674231,0.30200615891858945,0.3089094528769979,0.30255302242070986,0.4849182298712716,0.022102452998772035,93.65274485942102,0.10647739804978433,0.09596631735689268,0.010511080692891653,0.0,0.0030584041596307884,0.0,0.005302453536628119,0.0,0.002150135250624913,0.5020195814549875,0.22966855237665992,0.2542205338027483,0.020584352794114524,0.02070822714010149,99.95811700620538,0.2021463314826798,0.08680032384777958,0.05403853804218095,0.3749867138553901,0.0,8.774600783233232e-08
97.0,0.31015078650526345,0.32985532549247776,0.3200925968920034,0.5799674382931779,0.01919412466069335,92.72723818044567,0.2989609126837391,0.3041725272746074,0.2977426957754003,0.09912386426625316,0.02298452791067188,90.05864290561509,0.3015323538916913,0.30861153672714253,0.3022200650096774,0.4839444804673308,0.022121419974374064,93.57244669913703,0.10649588163886788,0.09595631796193896,0.010539563676928914,0.0,0.0028507233743420915,0.0,0.005482002000696076,0.0,0.0022067527080174136,0.5020090335591654,0.22965905090033978,0.2542111076608436,0.020581653269935253,0.02070812009412996,99.9586337172201,0.20265590264858996,0.08634130543804236,0.053583159054616414,0.37485629924885283,0.0,8.559387333449833e-08
98.0,0.30950856860570947,0.3289923547877896,0.3193042805209584,0.5797276181080419,0.01924440369122305,92.97013728221908,0.2985588939634917,0.3039767859621006,0.2975163516021819,0.09994796847222576,0.023023543775570175,89.90602887370147,0.30106272685496366,0.3083169992608254,0.30189101957405934,0.48297515177585404,0.022139218022977417,93.49722240925662,0.10652609187829074,0.09594786078172862,0.010578231096562108,0.0,0.0026566108174609078,0.0,0.005661031671922744,0.0,0.002260505049035172,0.5019985881250395,0.22964971368012513,0.254201836289385,0.020578996518962105,0.02070801759290372,99.95912849575133,0.20316052386743294,0.0858902222768716,0.053135257061322605,0.3747279510253061,0.0,8.35581432843303e-08
99.0,0.3088761624936327,0.3281517935002829,0.3185353435276247,0.579485739178836,0.019293203923433026,93.20589227680146,0.2981573324460495,0.3037784167195578,0.29728852629390506,0.10077572454048761,0.023061898811883388,89.7565030679404,0.3005970894442487,0.30802564602072746,0.30156570399890503,0.48201024687607225,0.02215589526578213,93.42684493811494,0.10656713931160187,0.09594089609391315,0.01062624321768872,0.0,0.0024752116391450574,0.0,0.005839530424917095,0.0,0.0023114195212968775,0.5019882410732459,0.22964053491991784,0.2541927141486218,0.020576381283772677,0.020707919470851058,99.95960214038205,0.2036603922141776,0.08544679435348917,0.05269456443573428,0.37460160843839746,0.0,8.16323296893579e-08
100.0,0.308253204265714,0.3273328685965821,0.3177851078111856,0.5792418237592328,0.019340561698698095,93.43467873017347,0.2977562047371713,0.3035775658548326,0.29705929810213294,0.10160693130586332,0.023099621242868466,89.60992778617089,0.30013526211983743,0.3077372947078766,0.30124394552324735,0.48104976813449707,0.02217149794805554,93.36109794254472,0.10661820166329324,0.09593537644844786,0.01068282521484537,0.0,0.002305722226776919,0.0,0.006017491592627056,0.0,0.0023595315851310523,0.5019779884926916,0.22963150903756915,0.2541837359076586,0.020573806346232786,0.020707825566383124,99.96005543052705,0.20415569663458027,0.08501075199306352,0.05226082364111134,0.3744772126397966,0.0,7.981031034264417e-08
