time (steps),Gov,Info,Infer,Int,A_Econ,SI_Econ,GM,ICu,IInter,ICo,A_Emp,SI_Emp,GMT,ICV,IIA,ICI,A_Edu,SI_Edu,V_CGM,V_grad_total,V_cycle_total,V_grad_Econ,V_cycle_Econ,V_grad_Emp,V_cycle_Emp,V_grad_Edu,V_cycle_Edu,E_gov,E_info,E_inf,E_intel,A_Ecol,SI_Ecol,GTD,IVD,IAD,IID,V_grad_Ecol,V_cycle_Ecol
0.0,0.3,0.7,0.5,0.4,0.15,13.799702609742281,0.15,0.35,0.25,0.25,0.12000000000000008,17.24962826217784,0.3,0.7,0.5,0.4,0.18000000000000005,11.499752174785232,6.0105938544266815,0.16621777551681832,5.844376078909863,0.0,1.961235962109971,0.0,1.5441915165274698,0.0,2.3389486000402164,0.5009006134798968,0.23522971906223958,0.2564876766317107,0.01980172317492092,0.02070000000000002,99.99784499813236,0.25620392034215456,0.35546150893996636,0.1635647064955894,0.3371777049065989,0.0,2.3220665652306756e-10
1.0,0.2804162048958114,0.6911841948677107,0.4902081024479057,0.39950393667495726,0.1334171171173033,15.51491619805719,0.1479825911176767,0.35405817951941776,0.2514930238825403,0.24646620548036527,0.10428696952414458,19.848648406473302,0.26103997026450276,0.673559229143957,0.4755758363526172,0.3990131309181119,0.1617175992443982,12.79981524047417,5.322167947730428,0.1656639405939632,5.156504007136465,0.0,1.7360706910679677,0.0,1.3073999176466462,0.0,2.113032342124843,0.5004827499723754,0.23501445476565366,0.25626189253998005,0.019767108505090475,0.02072966210583736,99.85475792576736,0.276390998249491,0.34506204345032826,0.1526570273899438,0.33550546259774366,0.0,1.0562970083645533e-06
2.0,0.261387568804433,0.6826979010129104,0.4809332909432555,0.3990702385345827,0.1185906234711426,17.454629471317666,0.14633442961246648,0.3579099605342832,0.25313201838907723,0.24262359146417298,0.09131924081026735,22.667242665344297,0.22850198208883898,0.64972256572436,0.4538175796580502,0.39809002319928083,0.14529273917099095,14.246791706674824,4.689062866054899,0.1654665064688353,4.5235963595860635,0.0,1.523499061691785,0.0,1.101498078505085,0.0,1.8985959005377446,0.5001155758633263,0.2348180078829881,0.2560590778022561,0.019731233281078637,0.02075295246455561,99.74269420202552,0.2941292601735751,0.33557165136381767,0.14285900282571706,0.3337723226392777,0.0,3.318851449697775e-06
3.0,0.2432404668582038,0.6745247556079231,0.4721510409971325,0.39869217073315444,0.10557928580466554,19.605696095453897,0.14477263170798874,0.36165506913920986,0.25491281805932686,0.23865948109347446,0.08034056338208997,25.764760717657474,0.2015061747867571,0.6282382571810063,0.43445996932164316,0.39722261714126517,0.13098620471904152,15.802850352838965,4.11447127604589,0.16551087807778228,3.9489603979681083,0.0,1.32739078433873,0.0,0.9195883514848228,0.0,1.7019753421744885,0.49979332032873447,0.2346392165531581,0.2558772042034953,0.01969528792453045,0.020770902134218498,99.65649917782079,0.30969749589117135,0.3269342029160129,0.1340726492882902,0.33203579456256355,0.0,5.919970066795605e-06
4.0,0.22617057606391566,0.6666336896925356,0.4638202237944192,0.3983627695768011,0.09431481129456531,21.947299295297633,0.1431489131368752,0.36534481372523303,0.2568192357005778,0.2346870374373139,0.07094172656758732,29.178249411356834,0.17919222014008498,0.6088524157950816,0.4172309044880755,0.39640234191829476,0.11869828704532939,17.438797500682146,3.599324012333993,0.16570657674025976,3.4336174355937334,0.0,1.1499256953376564,0.0,0.7585998894345434,0.0,1.5250834817837071,0.4995103742346762,0.2344764686377188,0.2557139988163245,0.01965994605791991,0.02078441380166842,99.59171383006151,0.32336668389519596,0.31907181534424983,0.12618816115661358,0.3303284212174021,0.0,8.36903782634317e-06
5.0,0.21027728893988434,0.658988162593407,0.45589322134382415,0.398075329267685,0.0846517091080872,24.452611923266993,0.14138931647768319,0.36900356646464205,0.25882844093382185,0.230778676123853,0.06286832463618103,32.92525136370618,0.16078530081774128,0.5913315372621419,0.40187848798549475,0.3956213141503959,0.10818599423465775,19.13330284668424,3.142350759950296,0.16598769750932477,2.976363062440971,0.0,0.9918419671015093,0.0,0.6170830701226624,0.0,1.3674276046929026,0.4992615669551649,0.23432806903084266,0.25556723750443416,0.019625606675155914,0.02079426753959361,99.54452050402907,0.3353866182637183,0.3119025977133634,0.11909808991663628,0.3286694780872435,0.0,1.042052389675231e-05
6.0,0.1955937623340921,0.6515526005596417,0.4483231202981089,0.3978236991741072,0.07640883466168098,27.090524291157976,0.1394623818922017,0.37264039623343215,0.2609146472214998,0.2269825746528664,0.055936942234476254,37.00515810793717,0.1456167060626307,0.5754701635057754,0.388180549775415,0.39487278382788243,0.09917632018554677,20.871467983372533,2.7406618553354747,0.16630877192340804,2.5743530834120665,0.0,0.852799946473416,0.0,0.494130203859605,0.0,1.2274109521833458,0.4990422961945256,0.23419241722265738,0.2554348857091993,0.019592513181315857,0.020801128255806385,99.51168830871177,0.3459796369125131,0.3053492290395829,0.1127041455939306,0.3270707241248842,0.0,1.1980895700022296e-05
7.0,0.182109719453414,0.6442960585220562,0.4410678772506472,0.3976024220955789,0.06939787623053673,29.827359335681113,0.13736170182716748,0.37625553511932847,0.26305153756873767,0.2233312254847664,0.04999882781713553,41.40007839847657,0.13312208778230497,0.5610909994517734,0.37594530401060927,0.39415118591240184,0.09141554218173144,22.64336394074359,2.39031900001566,0.16663980393044556,2.223679196085214,0.0,0.731740412080437,0.0,0.388862703259573,0.0,1.103063035220791,0.4988485529153272,0.23406807798850868,0.25531514846018616,0.019560813717736058,0.020805556486442982,99.49050835579123,0.35533941732119245,0.2993423733043525,0.10691961277225409,0.3255393160708479,0.0,1.304552441295953e-05
8.0,0.16978745884323074,0.6371937784799879,0.43409214962778275,0.39740676301688016,0.06344007537481769,32.62851406199627,0.13509598387787658,0.37984406418520605,0.2652137884848432,0.21984616345207422,0.04492489779734217,46.07590652290375,0.12283069744862372,0.5480419513010404,0.3650083602418895,0.3934520241009988,0.08468584994597074,24.44275392857208,2.0867866750389665,0.166961886586791,1.9198247884521755,0.0,0.6271816494192843,0.0,0.3002195131548093,0.0,0.9924099683410692,0.49867688896940543,0.23395379713734046,0.25520647290091614,0.019530593176836034,0.02080802089900438,99.47872512759659,0.36363254028557757,0.29382144026204454,0.10166947261376125,0.3240793550965832,0.0,1.365753701256875e-05
9.0,0.15857262763862126,0.6302274024198298,0.4273676170173386,0.3972326733430858,0.058374439258739266,35.45996188993709,0.13268309995609012,0.38339809282920223,0.26737797231785665,0.21654083489685103,0.04060008845479286,50.98401186406733,0.11435218604118788,0.5361923269202619,0.35522869842719385,0.3927717029245881,0.07880728488043955,26.266041199131806,1.8252689284568513,0.16726376898446377,1.6580051594723875,0.0,0.537441827986646,0.0,0.22690761466433249,0.0,0.8936418348134532,0.49852435929341016,0.23384849180132244,0.2551075289601202,0.019501891593471567,0.020808910971583754,99.47447006179387,0.3710012824635215,0.28873411632973106,0.09688946908305246,0.32269277529477386,0.0,1.3882007955783248e-05
10.0,0.14840133032235436,0.6233844429264,0.4208724611491908,0.397076723289929,0.05406058177561036,38.28955078680287,0.1301462992940246,0.38690811647666506,0.26952304360470136,0.21342254062460897,0.036921477111474844,56.06372099392578,0.10736382709906674,0.5254291701553888,0.3464847406966793,0.39210736001347796,0.07363396072125686,28.111422653158755,1.600955685391162,0.16753933418086908,1.4334163512102929,0.0,0.4607934263610067,0.0,0.16743600453324833,0.0,0.8051731298358852,0.49838845666942627,0.23375123085832794,0.25501718201518897,0.019474715927188392,0.02080854891612396,99.47620085403416,0.3775667681036726,0.28403541879278443,0.09252478831244654,0.3213799128826041,0.0,1.3790480152763258e-05
11.0,0.13920479924631673,0.6166574175273744,0.4145904586490015,0.39693602311805387,0.050378532470365237,41.088044648362406,0.12751164790785097,0.3903639151924038,0.27163055380738066,0.2104938830923646,0.033797648532450396,61.24554462639317,0.1015992011439456,0.5156540764293753,0.3386709275905624,0.3914567181491301,0.06904865132016419,29.978216111179215,1.4091994503205014,0.16778581962990147,1.2414136306905998,0.0,0.3955633118387422,0.0,0.12018678814408604,0.0,0.7256500784852977,0.49826704820775763,0.23366121318742808,0.25493446449050655,0.019449048483311783,0.02080720039217855,99.48264795101606,0.38343203757611677,0.2796866453230176,0.08852868651123758,0.32013991302644834,0.0,1.3452222473621876e-05
12.0,0.13091247992798846,0.6100428906695563,0.4085099612120395,0.396808144923394,0.04722704037605493,43.8298774384103,0.12480621562578216,0.3937551811780119,0.27368469246617133,0.20775391073003463,0.03114825785283459,66.45493308939491,0.09683856556018956,0.5067805590963134,0.33169488405597,0.3908179620753799,0.06495744241977362,31.866331467989408,1.2456373681630502,0.16800259681341315,1.077634771349637,0.0,0.3401924465708569,0.0,0.08349584448145861,0.0,0.653933550550739,0.4981583176793824,0.23357774721654367,0.2548585495505521,0.019424853418975,0.02080508385692094,99.49276848373572,0.3886848333041678,0.2756543859212602,0.08486121907364963,0.318971044149535,0.0,1.2929746582476176e-05
13.0,0.12345408933250987,0.6035405551774163,0.4026229126356206,0.39669105081986794,0.04452128290446225,46.49361510770562,0.12205676359296465,0.39707197120180565,0.27567221972578837,0.20519904547944134,0.028903435592546996,71.61624038891412,0.09290080749779833,0.49873192560489277,0.32547513261581346,0.3901896390029874,0.06128505117168983,33.77586135422112,1.1062694791715049,0.16819035262905768,0.9380791265424471,0.0,0.29326708781270516,0.0,0.05572734927078908,0.0,0.5890724125333473,0.4980607151379986,0.23350023305218898,0.2547887280732157,0.019402081960967987,0.020802378565847372,99.50570723963862,0.39340003353439695,0.27190965960133806,0.08148812815466355,0.3178709500073644,0.0,1.2276925605410244e-05
14.0,0.1167610007940974,0.5971524151359476,0.3969239735292591,0.3965830298411624,0.04219047986101265,49.06214383624835,0.11928879836427128,0.4003050337054017,0.27758233257785203,0.20282383535247503,0.02700298350263726,76.656543942975,0.08963677161679866,0.4914395874580551,0.3199392707179693,0.3895705796433849,0.05797094745596969,35.706771793466416,0.9875017145523215,0.16835055033592256,0.8191511642163989,0.0,0.2535307076995819,0.0,0.03533417943172492,0.0,0.5302747384511755,0.4979729139115855,0.2334281474374443,0.2547243891115016,0.019380676618053077,0.02079923132546339,99.52076396819561,0.39764173008376547,0.2684271877064346,0.07837989877061619,0.3168368531856063,0.0,1.1538633916600692e-05
15.0,0.11076717675990476,0.5908820917741223,0.39140977888603,0.3964826439558021,0.04017566159257765,51.52262114443341,0.11652591195639424,0.40344603827816256,0.27940649221410446,0.20062155755133876,0.025395421694051065,81.50899860608473,0.08692374153344685,0.4848417244133245,0.31502252531757635,0.38895983620579494,0.054966227097900125,37.65867698677141,0.8861609799285842,0.16848508045277955,0.7176758994758047,0.0,0.2198834501178171,0.0,0.020901283250917425,0.0,0.4768804148862085,0.49789377440745464,0.23336103132917568,0.2546650036064771,0.019360574542106327,0.02079576213748268,99.53736620839756,0.4014649769255726,0.26518479376183623,0.07551097196815965,0.3158657174775774,0.0,1.0751220861658246e-05
16.0,0.1054097881619963,0.5847342523507978,0.3860783291801795,0.3963886826242507,0.038427695916949695,53.86623741207252,0.11378935173160981,0.40648772535008837,0.2811382302533596,0.19858469266494214,0.024036971186168002,86.11548332896831,0.08466087528120557,0.47888223154466714,0.3106666071777049,0.3883566340562625,0.05223112830295456,39.630684971135324,0.7994889224715149,0.16859603829021053,0.6308928841813044,0.0,0.19137399379173597,0.0,0.011172278868241358,0.0,0.4283366681280788,0.49782231392344556,0.23329847972517456,0.25461011094377584,0.019341710152907414,0.020792068884388434,99.55504682920478,0.40491724861721734,0.2621629120218176,0.07285909536600405,0.3149543746884173,0.0,9.943393248378091e-06
17.0,0.10062960919438785,0.5787141516653496,0.3809285037839627,0.39630012491831695,0.03690560040942187,56.08783947416528,0.11109777565323575,0.40942398980380534,0.28277294550360776,0.19670528903935122,0.02289054425498548,90.42840434038668,0.08276542575554048,0.4735098891684386,0.30681880031457287,0.3877603342137428,0.04973307541155746,41.62130281169593,0.7251203071247033,0.16868558455360985,0.5564347225710935,0.0,0.167187203248184,0.0,0.0050613631892964224,0.0,0.38417701888146333,0.49775768160475886,0.2332401333501722,0.2545593079112429,0.019324017132099653,0.02078823120118466,99.57342553239361,0.4080396501410999,0.2593441858191643,0.07040478969630382,0.31409962096373584,0.0,9.137252149848756e-06
18.0,0.09637124621534839,0.5728272717479641,0.37595968078983105,0.39621610811646546,0.035575127589388654,58.185466412178606,0.10846715496308937,0.4122499104057914,0.2843076990751399,0.1949752355559793,0.0219247930692362,94.41162728079759,0.08116960698345323,0.46867770681854204,0.3034312345596317,0.38717040435794636,0.04744514575422684,43.6283914519734,0.661051187743589,0.1687558596684741,0.49229532807511484,0.0,0.14662985090574948,0.0,0.0016534671469594924,0.0,0.3440036606839197,0.49769913772956287,0.2331856718463534,0.25451223964286185,0.019307429888589727,0.020784313665391404,99.59219365073807,0.41086791762152425,0.25671313859739897,0.06813091130379029,0.3132982875833959,0.0,8.34933848618476e-06
19.0,0.09258324140142248,0.5670790445716195,0.37117144644420236,0.39613590173325325,0.03440759349757248,60.15984208856052,0.10591079107987407,0.41496173592414787,0.28574101321057177,0.19338645978540622,0.021113246048668002,98.04060383182681,0.07981799285158685,0.46434240226428797,0.3004603000621139,0.386586396474974,0.04534487211880941,45.64916152013379,0.6056012313482662,0.1688089324023577,0.43679229894590843,0.0,0.12911590028764713,0.0,0.00019579173906326264,0.0,0.3074730153093852,0.49764603659239787,0.23313480816962573,0.2544685921860024,0.01929188459234474,0.020780368421349425,99.6111016652959,0.4134332452311934,0.2542559031933182,0.06602229306788543,0.31254729090447664,0.0,7.591609812847321e-06
20.0,0.0892180807000063,0.5614746435557461,0.3665633784027927,0.3960588860521984,0.033378914897407706,62.01386108037024,0.10343941780499452,0.41755683787587927,0.2870726775887501,0.19193106673037602,0.020433544954418837,98.7149048656223,0.0786653561046445,0.460463984749498,0.29786617148222505,0.3860079296496213,0.04341330969661475,47.68020236021653,0.5573736816156479,0.16884677012815916,0.38852691148748875,0.0,0.1141522779593869,0.0,8.364727106588791e-05,0.0,0.27428411394497926,0.4975978123536632,0.233087283949401,0.25442808638644443,0.019277319864847736,0.02077643733832829,99.62994895389002,0.41576296880560615,0.2519599976670076,0.06406544898684535,0.31184366571733074,0.0,6.872312056691717e-06
21.0,0.08623212860105949,0.5560188312478201,0.3621348888193495,0.3959845343633357,0.03246882101000922,63.75209592067521,0.10106136410675655,0.4200336388216047,0.28830356574976684,0.19060143132187196,0.01986678442190465,95.97687227394375,0.07767487245646426,0.45700541829585745,0.2956124167922971,0.38543467682797466,0.04163431056120076,49.717537376260644,0.5152155926992912,0.16887122260656467,0.3463443700927265,0.0,0.10132567051938018,0.0,0.0008430824122226475,0.0,0.24416942042689757,0.4975539673213718,0.23304286561970816,0.25439047283985927,0.019263677203412488,0.020772553786223863,99.64857536361825,0.4178811319540611,0.2498141383950605,0.06224833028272725,0.3111845857443263,0.0,6.196734226092871e-06
22.0,0.08358550754900793,0.5507158523687811,0.35788511530117373,0.39591239823653807,0.031660209039304194,65.38034505367986,0.09878275682485117,0.4223915239873458,0.2894354634757154,0.18939025571208767,0.019396948678781868,93.70708547051372,0.07681662826768086,0.45393234626842377,0.2936656712867537,0.3848663546283167,0.03999396044033087,51.75669947840298,0.4781801813339704,0.16888401415041804,0.30929616718355235,0.0,0.09029061681854367,0.0,0.002112264766384824,0.0,0.21688771775089738,0.4975140622209391,0.23300134117096905,0.2543555277059892,0.01925090120458138,0.020768744098492584,99.66685427124993,0.4198089561283079,0.24780808314814995,0.06056012318347037,0.3105673744322463,0.0,5.5678477264945774e-06
23.0,0.08124193645833662,0.5455693631411849,0.3538128497177676,0.3958420952789826,0.03093861701668233,66.90523336402552,0.0966077464807349,0.42463074279838237,0.2904709103322522,0.18829060038863055,0.019010436437886514,91.83983633804577,0.0760663811389827,0.45121286266889427,0.29199536187754693,0.3843027154818891,0.03848014199181535,53.79282103225133,0.4454924715693136,0.16888674096802211,0.2766057306012915,0.0,0.08075898981406414,0.0,0.0036230507058078736,0.0,0.19221870324245974,0.4974777080873002,0.23296251740492893,0.25432304922177723,0.019238939640109535,0.020765028779670475,99.68468685619567,0.42156523231613646,0.2459324984761203,0.05899108047144497,0.3099895086230996,0.0,4.986838959796307e-06
24.0,0.07916854023079527,0.5405823893759264,0.34991649660569063,0.39577329892626745,0.030291791808137403,68.33387092358406,0.09453874288705694,0.4267523057268866,0.29141305506780185,0.18729589631825477,0.01869566338720709,90.31916081055434,0.07540453153546878,0.448817319002463,0.29057347025945274,0.38374354154677404,0.03708219635305438,55.82073326384413,0.416518860721411,0.16888087171534139,0.24763798900606956,0.0,0.0724908511105239,0.0,0.005183712962903412,0.0,0.1699589713856343,0.497444559480638,0.23292621760113527,0.2542928547825191,0.019227743428321686,0.020761423504366966,99.70199736188354,0.42316664879104754,0.24417884697505843,0.057532380473237776,0.30944861717036426,0.0,4.453547007961761e-06
25.0,0.07733564009745769,0.5357573071390455,0.3461940544311814,0.3957057299014214,0.029709334072462384,69.67357081826975,0.09257665035051486,0.428757880738843,0.2922655251483956,0.1863999437622466,0.01844273150492223,89.09724132703205,0.07481527065918438,0.44671815822580624,0.2893743262663343,0.38318863996590713,0.03579066075999871,57.835070588437404,0.3907408189920296,0.168867750059175,0.2218730689328546,0.0,0.06528659505003336,0.0,0.006663406155303445,0.0,0.14991910090846172,0.4974143087830866,0.23289227952330632,0.2542647784865763,0.019217266534287937,0.02075793994588715,99.71872916375165,0.42462806663976893,0.24253929097453136,0.05617600844422649,0.30894247611645725,0.0,3.966819056091089e-06
26.0,0.07571653286315229,0.531095840956624,0.34264311425328464,0.3956391490457542,0.02918240538247672,70.93162350161501,0.0907210949285644,0.43064969261417385,0.2930323103603835,0.18559690209687818,0.01824315502487045,88.13308296461013,0.07428587558024427,0.44488976936642516,0.28837442486385334,0.3826378391406295,0.03459706482838902,59.83037583473892,0.36773263851587096,0.1688485985273398,0.19888403998853116,0.0,0.05898026400896476,0.0,0.00797865005100661,0.0,0.1319216011327391,0.4973866813800976,0.23286055370916428,0.2542386690603052,0.01920746582440841,0.02075458646542353,99.73484149683352,0.4259627525515009,0.24100660991904077,0.05491465632142989,0.30846900166768615,0.0,3.524795820704617e-06
27.0,0.07428726562778856,0.5265990754618698,0.3392608713947206,0.39557335128214605,0.028703485598507647,72.1151228953519,0.08897063843504711,0.43243042752758876,0.2937176601318682,0.18488127390549602,0.018089633875139954,87.39141891540513,0.07380612739447133,0.44330835802145724,0.28755226186306015,0.3820909857696477,0.033493771904332274,61.80120284373235,0.34714295313993326,0.16882452320633806,0.17831842993359523,0.0,0.05343390201742035,0.0,0.009081892879610415,0.0,0.1157995098983289,0.49736143156803214,0.23283090199888146,0.2542143880965654,0.019198300894567866,0.020751368686862753,99.75030672419149,0.4271825765230522,0.23957412927693839,0.05374163762547235,0.3080262418923621,0.0,3.1251382355490504e-06
28.0,0.07302641125247034,0.5222674771689322,0.33604414660333953,0.39550816051704474,0.02826617095195928,73.2308381980497,0.08732297571887897,0.4341031445236575,0.294325994000966,0.1842478857564976,0.017975866561827005,86.84180652384225,0.0733678321058324,0.441951829190422,0.2868881846944574,0.3815479424642256,0.03247385491777462,63.7422134422467,0.32867963788554166,0.168796519013331,0.15988311887221066,0.0,0.048532812517394115,0.0,0.009952070764637949,0.0,0.1013954703848038,0.497338339060264,0.23280319626607085,0.25419180855333834,0.01918973388587634,0.02074828997746809,99.76510805031357,0.42829818064976066,0.23823565923430368,0.05265081492851037,0.30761236781918816,0.0,2.7652053747919987e-06
29.0,0.07191484870169637,0.5181009236981303,0.33298941390239895,0.395443425324058,0.027865005219093044,74.28512484336494,0.08577511320219314,0.43567119489566114,0.2948618244899887,0.18369186741215704,0.017896395624005194,86.45788067621467,0.07296442719613275,0.4407996798473289,0.2863642555350262,0.3810085857974944,0.031530998566417494,65.64826632753633,0.31209764677207025,0.16876547536384848,0.14333217140822177,0.0,0.04418159277448467,0.0,0.010586990281173176,0.0,0.08856114616029487,0.4973172059888495,0.23277731732192553,0.2541708134693302,0.019181729297971076,0.02074535185083422,99.77923760199344,0.42931912397548044,0.2369854417536732,0.05163653780472732,0.30722566441783533,0.0,2.442192269041289e-06
30.0,0.07093555140957039,0.5140987383004741,0.33009283290971125,0.395379015281301,0.027495337909300865,75.28386806117909,0.08432352780450288,0.4371381499754552,0.2953296915242544,0.1832086306957874,0.01784647986402228,86.21673654243855,0.07259065956783851,0.43983289937521025,0.28596412479683303,0.3804728046818448,0.030659421543362934,67.51449594486692,0.2971893414754994,0.16873218210905447,0.12845715936644495,0.0,0.04030082853574946,0.0,0.010997315203043033,0.0,0.07715686239264789,0.4972978543186924,0.23275315396820662,0.25415129486155896,0.01917425380673557,0.02074255430540474,99.79269481396459,0.43025400741485065,0.2358181048236796,0.05069358957252229,0.30686452179290996,0.0,2.153235004555776e-06
31.0,0.07007338597497112,0.5102597279561125,0.32735028387736154,0.3953148178580245,0.027153204623123556,76.23245286114688,0.08296430624362049,0.4385077374488835,0.29573410745696466,0.18279384885053143,0.017821988521306027,86.09841832738289,0.07224232282713591,0.4390338765209007,0.2856729135178023,0.37994049899582627,0.02985381399960505,69.33637998443771,0.28377688609443397,0.16869733564499495,0.11507955044943899,0.0,0.03682434555518227,0.0,0.011201923209674659,0.0,0.0670513861952387,0.4972801236070181,0.2327306021787044,0.2541331527763169,0.019167276090922312,0.020739896109349162,99.8054850683772,0.4311105819935787,0.23472862291526536,0.049817141446298896,0.3065274268080596,0.0,1.8954893433627136e-06
32.0,0.06931492277668057,0.50658222366908,0.3247574040851733,0.3952507357647035,0.02683522571090476,77.13575483809683,0.08169326533665337,0.43978378601451035,0.29607951172153063,0.1824434369273057,0.017819313395490845,86.08549473576244,0.07191604379161917,0.4383863119206022,0.2854771035851649,0.37941157840271095,0.029109286583930027,71.10979465240742,0.27170632326149446,0.16866154511225642,0.10304477814923801,0.0,0.033696928024316945,0.0,0.011224403383540402,0.0,0.058121780553298,0.49726386905364023,0.2327095643918591,0.2541162944699457,0.0191607666703968,0.020737375040601146,99.81761854664018,0.43189584304050355,0.23371228280803064,0.04900271295954567,0.30621295527150555,0.0,1.6661880826696594e-06
33.0,0.06864825950343073,0.5030641218639738,0.3223096245291157,0.3951866846956782,0.02653852013288005,77.99814688599608,0.08050605436642475,0.44097017798852817,0.29637023412389757,0.18215353352114957,0.017835295638053618,86.16270530092099,0.07160910972285087,0.4378751355302913,0.2853644350035658,0.3788859613184034,0.028421328294277858,72.83105736750846,0.2608429951754831,0.16862533861439133,0.09221765656109177,0.0,0.030872426797708137,0.0,0.011090482765086002,0.0,0.05025328431681039,0.49724895979758743,0.23268994889965477,0.2541006336998694,0.01915469775742433,0.020734988089259804,99.82910925970226,0.4326161124779191,0.2327646540675642,0.04824613771444908,0.30591976475167587,0.0,1.4626814872336122e-06
34.0,0.0680628581045218,0.4997029260209726,0.3200022060942225,0.39512259140540706,0.026260632027201684,78.82351762582141,0.0793982408668856,0.44207080931201537,0.29661046580388994,0.18192048401720917,0.017867164530540363,86.31666462109864,0.0713193291487935,0.4374864284955751,0.28532380961941395,0.3783635739978933,0.027785771060233805,74.49695698471376,0.2510680236799166,0.16858916939093296,0.08247885428898363,0.0,0.028312192065431677,0.0,0.010826194185186972,0.0,0.043339185573994105,0.4972352774236889,0.23267166931986438,0.2540860901095313,0.01914904312149289,0.02073273162827493,99.83997422888423,0.43327711096875426,0.23188156354948747,0.04754353366809816,0.3056465880467687,0.0,1.2824643708780351e-06
35.0,0.06754939527282891,0.4964957878737166,0.3178302746016297,0.3950583920690262,0.025999467968081884,79.61529805157984,0.07836538134765147,0.4430895563256368,0.29680423693082714,0.18174082539588468,0.017912486064943875,86.53561395010576,0.07104492029557183,0.43720734913395026,0.28534520085169157,0.37784434971791186,0.027198759499953675,76.10477203803606,0.24227561224960237,0.16855342188764205,0.0737221903619603,0.0,0.025983775556536946,0.0,0.010456623994571944,0.0,0.0372806676180905,0.4972227146491141,0.23265464414034792,0.25407258869347304,0.01914377796751946,0.020730601557308416,99.85023279421408,0.43388402137013715,0.23105907338440101,0.04689127729030551,0.3053922273008731,0.0,1.1231927609143415e-06
36.0,0.06709962626246867,0.4934395476479822,0.31578885428026,0.3949940308857215,0.02575324326969759,80.37649354623011,0.07740307855028879,0.44403024863001417,0.2969554002495419,0.18161127257015502,0.01796911955173239,86.8092115697556,0.07078442212549152,0.43702606279485057,0.2854195690733458,0.3773282280396052,0.02665672469191621,77.65227781675168,0.23437097727500703,0.16851841767357223,0.0658525596014348,0.0,0.02385985640154374,0.0,0.010005104497025434,0.0,0.031986616010327436,0.4972111741649703,0.23263879632547885,0.254060059330898,0.019138878826855655,0.02072859342383527,99.85990603111325,0.43444154469607155,0.2302934619642487,0.046285981029971945,0.30515554873842604,0.0,9.826925381786712e-07
37.0,0.06670626160723926,0.49053077294426445,0.31387289934293167,0.39492945888979325,0.025520435985109217,81.10971899810525,0.07650702683064609,0.44489664733737805,0.2970676196539869,0.18152870617798894,0.018035180816752164,87.12835499329157,0.07053662380607538,0.43693167542203015,0.2855387823491015,0.3768151541394571,0.026156361100841536,79.1377433382637,0.2272687551480887,0.16848442116179188,0.05878433398629681,0.0,0.02191735249311515,0.0,0.009492740269541947,0.0,0.02737338226164722,0.49720056761215603,0.23262405297595784,0.25404843637780405,0.019134323460237135,0.020726702524878363,99.869016259425,0.43495394959416767,0.22958120750785732,0.04572447361092946,0.3049354779756786,0.0,8.589619924906467e-07
38.0,0.0663628561327562,0.4877657959695405,0.31207732345027933,0.39486463293953433,0.025299747481032246,81.81723525158627,0.07567304721164853,0.4456924280331759,0.2971443630329829,0.18149016172219262,0.01810901082182929,87.48502937082492,0.07030050913574248,0.4369141706784078,0.285695542274572,0.37630507819983583,0.02569460602053067,80.55991945575633,0.2208917649658223,0.16845164509805632,0.05244011986776597,0.0,0.020136685677814955,0.0,0.008938179275512336,0.0,0.023364504744582685,0.49719081467396625,0.23261034503431502,0.25403765830921815,0.01913009077166845,0.02072492399222699,99.87758663132814,0.4354251161821055,0.2289189738336745,0.045203782748200805,0.3047309958604531,0.0,7.501698559934051e-07
39.0,0.06606370953519361,0.48514074890683023,0.3103970269286811,0.39479951485839104,0.025090068652946596,82.50098555303255,0.07489711356527495,0.4464211677978679,0.29718889870314097,0.18149281993371627,0.018189148765996362,87.87217754076927,0.07007521304454556,0.436964350512845,0.2858833146850677,0.37579795485273326,0.025268621062114745,81.91801944289027,0.21517003432136436,0.16842025578916017,0.04674977853220419,0.0,0.018501174532102736,0.0,0.008357558417919665,0.0,0.01989039093211788,0.49718184227061346,0.23259760702932647,0.25402766740428445,0.019126160732167316,0.02072325286354501,99.88564078676433,0.4358585749604832,0.2283035980124808,0.04472111993455263,0.3045411347882124,0.0,6.546500639106051e-07
40.0,0.06580377772368756,0.48265159727908574,0.30882692167429826,0.39473407070651423,0.02489045099175673,83.16263100844876,0.07417537127351094,0.4470863356832442,0.2972042948149904,0.18153399822825453,0.0182743089039805,88.28358803944681,0.06985998778897941,0.4370737790569211,0.28609626501579394,0.37529374267178056,0.024875775338234582,83.21169343734094,0.21004001810431414,0.16839037804987328,0.04164964005444086,0.0,0.01699653297249773,0.0,0.007764568939171978,0.0,0.016887967248537215,0.4971735838430106,0.23258577685340426,0.254018409467996,0.01912251431228522,0.02072168414140974,99.89320256671564,0.4362575414134286,0.2277320796130501,0.044273866997283584,0.3043649754421153,0.0,5.708942339328579e-07
41.0,0.06557859408358775,0.4802941712191533,0.30736195372747255,0.39466827016387773,0.024700081831565135,83.80358435963038,0.07350414959583035,0.44769128608947484,0.29719342118786524,0.18161114312682947,0.0183633604636076,88.71379808162666,0.06965417688171524,0.4372347297416182,0.2863291981020332,0.3747924037086514,0.024513630082862226,84.44099810857769,0.20544395809765867,0.16836209985407224,0.037081858243586424,0.0,0.015610456666604067,0.0,0.007170600048568852,0.0,0.014300303985770394,0.497165978714952,0.23257479556777014,0.2540098335842452,0.01911913342235541,0.020720212842020577,99.9002957760875,0.43662494682177677,0.22720157129004853,0.04385956416804643,0.30420164390638504,0.0,4.975426431136969e-07
42.0,0.06538419980656841,0.4780641946022707,0.305997123542621,0.3946020860087511,0.024518263204663708,84.42504161826636,0.07287996884281424,0.4482392545449647,0.2971589530956307,0.18172182351659036,0.01845531016053976,89.15800908883706,0.0694571951516498,0.4374401355218254,0.2865775022111542,0.37429390307064847,0.024179924511190474,85.60636285292647,0.20132934511224637,0.16833547668176163,0.03299386843048473,0.0,0.014332282278420455,0.0,0.006584929645195824,0.0,0.012076223132560944,0.4971589715243156,0.23256460723090355,0.2540018918956335,0.01911600085948041,0.02071883403506488,99.90694398913168,0.4369634657418104,0.22670937049632006,0.04347589944539132,0.30405030910526215,0.0,4.333743075058413e-07
43.0,0.06521708244473855,0.47595731203357544,0.3047275040104518,0.3945354936775485,0.024344393809569927,85.02801128067647,0.07229954332757825,0.4487333554480345,0.2971033765878244,0.18186372463656297,0.018549286902599528,89.61201279561946,0.06926851362668048,0.4376835420927308,0.2868370970997606,0.37379820853671647,0.02387256277064694,86.7085537211993,0.19764845610120885,0.1683105355590418,0.029337920542167047,0.0,0.01315270711137304,0.0,0.006014939340738153,0.0,0.010169896793427297,0.49715251171515357,0.2325551587463694,0.2539945394061387,0.01911310026034811,0.020717542876018364,99.91317039133166,0.4372755405424888,0.22625291213141335,0.04312069906160165,0.3039101805235415,0.0,3.7729662855611553e-07
44.0,0.0650741218738141,0.47396911371186506,0.3035482563134432,0.39446847089400217,0.024177953664614768,85.6133409871982,0.07175978094286985,0.44917658138532174,0.2970289949885551,0.18203464268325337,0.018644528351239854,90.07212632769459,0.06908764817955687,0.4379590639778569,0.28710438589025444,0.37330529020941605,0.023589601867479083,87.74863616138465,0.1943579467571105,0.1682872787926787,0.026070667964431762,0.0,0.012063558802154414,0.0,0.0054663375114213176,0.0,0.00854044331590005,0.49714655308358596,0.23254639972668534,0.25398773380331285,0.019110416059051262,0.020716334631978344,99.91899765251416,0.4375634033434076,0.22582976196498106,0.04279191889300693,0.30378050616882274,0.0,3.283349559799934e-07
45.0,0.06495254289045303,0.4720951582135658,0.302454643713429,0.3944009973572702,0.024018491076047067,86.18174159681695,0.07125778009486153,0.44957180369504196,0.2969379362681646,0.18223247994193184,0.018740369068093506,90.53513493768205,0.0689141510832812,0.4382613433645834,0.28737621056232615,0.3728151202005772,0.02332924047714544,88.72793752069126,0.1914184860530997,0.16826568740476214,0.02315279864833755,0.0,0.011057606447879427,0.0,0.004943379137081484,0.0,0.007151527441051492,0.49714105337130665,0.2325382823703855,0.2539814352971752,0.019107933449173147,0.0207152047019786,99.92444782665514,0.4378290956526226,0.22543761069769686,0.042487636676895923,0.3036605707398586,0.0,2.8562232514436825e-07
46.0,0.06484987371711175,0.470330993258523,0.3014420433829197,0.39433305448003536,0.023865611597960527,86.73380872578322,0.07079082461663364,0.44992177399283606,0.2968321610300834,0.18245524036044689,0.01883623002291768,90.99824131774996,0.06874760479311393,0.43858551156001174,0.2876498108568645,0.3723276723484745,0.023089808563642122,89.64801010610168,0.18879442350700065,0.1682457242760368,0.02054869923096387,0.0,0.010128405984098088,0.0,0.004449075000563304,0.0,0.00597096985674874,0.49713597390127373,0.23253076134988057,0.25397560647339823,0.01910563834948898,0.020714148632604085,99.92954227446408,0.4380744859665348,0.22507426854375673,0.04220604491887858,0.3035496939695844,0.0,2.4838955373907795e-07
47.0,0.06476390974106895,0.46867217453264776,0.30050595640036365,0.39426462516890587,0.023718968703137226,87.27004185420408,0.07035637718613741,0.45022912642321267,0.29671347089754624,0.1827010254931038,0.018931609278028377,91.45902059591286,0.06858761741271599,0.43892715293822654,0.28792278639272667,0.3718429219644501,0.02286975774489692,90.51059545758525,0.18645348300771783,0.16822733700890793,0.018226145998809888,0.0,0.009270173825298657,0.0,0.003985385666354391,0.0,0.004970370551332104,0.49713127925081585,0.23252379370810736,0.2539702121587516,0.019103517372715824,0.020713162129614267,99.9343016053479,0.43830128556218045,0.22473766023799546,0.04194544439246828,0.30344722911541877,0.0,2.1595582473544996e-07
48.0,0.06469268187002439,0.4671142826523347,0.29964201603468504,0.39419569364052115,0.023578255920297404,87.79086114165958,0.06995207168547724,0.45049638044025814,0.2965835171220636,0.18296803075220097,0.019026073695430478,91.91538027299465,0.06843381941701464,0.4392822712494851,0.28819306180079024,0.371360845606975,0.02266765234993154,91.31759034885647,0.18436647915837434,0.16821046052292932,0.016156018635445038,0.0,0.008477683775846085,0.0,0.0035533977395226595,0.0,0.0041247494002389674,0.49712693695795923,0.2325173387623057,0.2539652192970918,0.01910155779682097,0.020712241066187645,99.9387456358118,0.4385110626846491,0.22442582038732573,0.04170423814810237,0.30335256157316454,0.0,1.8771983732835437e-07
49.0,0.06463442894291696,0.46565293836249333,0.2988459944467473,0.3941262452677156,0.023443200225120815,88.29662211574933,0.06957570486061763,0.45072594395724475,0.29644380926805863,0.18325454191407894,0.01911925153785173,92.36552447806116,0.06828586129806385,0.4396472581625926,0.28845885468468435,0.3708814208811967,0.02248216111968565,92.07101490118156,0.1825070535087166,0.16819501939685058,0.014312034111866006,0.0,0.007746183052588487,0.0,0.0031534813949495766,0.0,0.0034122065127553413,0.4971229172572764,0.23251135801356146,0.2539605968344576,0.01909974753846964,0.020711381488318196,99.94289336174198,0.4387052553082884,0.2241368891007433,0.04148092596208619,0.30326510759426256,0.0,1.6315157260110907e-07
50.0,0.06458757368979583,0.4642838160645051,0.2981138079354281,0.3940562664509189,0.023313556500419764,88.78762840942233,0.06922522757274793,0.4509201167361268,0.2962957238562119,0.1835589318349134,0.019210825855043263,92.8079220174926,0.06814341187596605,0.44001886391359246,0.2887186462234665,0.3704046262620774,0.02231204950796831,92.77298307903531,0.18085142896452727,0.16818092997210907,0.012670498992418212,0.0,0.0070713239586116285,0.0,0.002785429201045933,0.0,0.0028136040480666864,0.497119192841994,0.23250581506101484,0.2539563156120677,0.019098075128256828,0.020710579617822373,99.94676294235887,0.43888518262931797,0.22386910784470787,0.04127409916729158,0.3031843130892354,0.0,1.4178469396480988e-07
51.0,0.06455070178760587,0.4630026557728624,0.29744152085419884,0.3939857445106861,0.023189102905507897,89.26414272669791,0.06889873587394997,0.4510810939148942,0.2961405128722042,0.18387965733895167,0.01930052856301341,93.24127777163191,0.06800615707781864,0.4403941699367747,0.2889711542381338,0.3699304409392869,0.02215617254248437,93.42567573402903,0.1793781812229573,0.16816810223307796,0.011210078989879317,0.0,0.006449108333436451,0.0,0.0024485769526977085,0.0,0.002312270494162661,0.4971157386494795,0.23250067551985557,0.25395234826621704,0.019096529687424826,0.0207098318533534,99.95037169392414,0.43905205542902975,0.2236208154814769,0.04108243581710169,0.30310965250290706,0.0,1.232095824978167e-07
52.0,0.06452254360883486,0.4618052736000263,0.2968253483208682,0.3939146675978714,0.0230696370165327,89.72639621412,0.06859446208979005,0.45121096959366247,0.29597931206808903,0.18421525624845858,0.019388135137124136,93.66450705701705,0.06787379903620369,0.4407705633577135,0.2892153085510841,0.3694588446820783,0.02201346820864783,94.0313162761048,0.1780680264017798,0.16815644147948536,0.00991158492229444,0.0,0.005875842396739592,0.0,0.002141907662972324,0.0,0.0018937277955897714,0.49711253166756014,0.23249590694241612,0.2539486691342351,0.019095100905818195,0.020709134769765557,99.95373609154294,0.43920698543054504,0.22339044445710055,0.040904696142269825,0.3030406277494016,0.0,1.0706699275203239e-07
53.0,0.06450195830661143,0.46068757086847234,0.29626165783879616,0.39384302461849435,0.02295497261864965,90.17459640878063,0.06831076604920552,0.45131174041957717,0.29581314900086575,0.18456434453035164,0.01947345985083331,94.07671262464011,0.06774605539712673,0.44114571323241947,0.28945022847531693,0.3689898177224464,0.021882951321191828,94.5921489784041,0.17690362419019331,0.16814584980627612,0.008757774383917203,0.0,0.005348100015435114,0.0,0.0018641401108432467,0.0,0.0015454412153345554,0.49710955075942515,0.23249147874183254,0.25394525416581637,0.01909377902087136,0.02070848511612359,99.95687177763084,0.43935099375784,0.2231765171134561,0.04073971826724898,0.30297676719702965,0.0,9.304230428590248e-08
54.0,0.06448791992275592,0.4596455419472487,0.29574696994269467,0.39377080517080526,0.022844937047700634,90.60893392436313,0.06804612656675438,0.45138530912648367,0.29564295076733954,0.18492561353942233,0.019556351500815305,94.4771640079111,0.06762265875737734,0.44151754842157204,0.28967520227814203,0.3685233406549431,0.021763707850586983,95.11041986375102,0.17586939590859224,0.16813622740583928,0.0077331685027529715,0.0,0.004862692770134926,0.0,0.0016138034559295157,0.0,0.0012565914163512565,0.4971067765051199,0.23248736211787413,0.25394208083914815,0.019092554797461723,0.020707879812611876,99.95979357580885,0.439485018593192,0.22297764210506793,0.040586414158314765,0.30291762469498906,0.0,8.086033727284046e-08
55.0,0.06447950524436108,0.45867528090787796,0.2952779579763316,0.39369799949245493,0.02273936899375833,91.0295880254865,0.06779913325312774,0.4514334879982466,0.2954695514063966,0.18529782734222908,0.01963668956663562,94.86527896996154,0.06750335617458311,0.44188423699402524,0.2898896684723158,0.36805939435160595,0.021654889673093113,95.5883600752456,0.1749513568666307,0.16812747370703102,0.006823883159599669,0.0,0.004416645486906409,0.0,0.0013892994514892146,0.0,0.0010178679405078563,0.4971041910578713,0.23248352998465188,0.2539391280813629,0.01909141950849347,0.020707315946561177,99.96251550916696,0.43960992211813055,0.22279251090668306,0.040443765780604046,0.30286277863536215,0.0,7.028069618879029e-08
56.0,0.06447588316973411,0.4577729870912882,0.2948514471032496,0.39362459841600816,0.022638116691733205,91.43673122849617,0.06756847870600874,0.4514580022349765,0.2952936989497318,0.18567982010928305,0.01971438075939965,95.24060683009087,0.06738790871106516,0.44224416705923364,0.29009319879572787,0.3675979598905381,0.021555709714966093,96.02817159966557,0.17413696238160659,0.1681194883648146,0.006017474016791968,0.0,0.004007176142547562,0.0,0.0011889537441794552,0.0,0.0008212830364616522,0.49710177801368527,0.2324799569000025,0.2539363761929237,0.019090364916104267,0.020706790767780762,99.96505082198155,0.43972649681321857,0.2226198944017992,0.04031082144515913,0.30281183104520865,0.0,6.109360329861182e-08
57.0,0.06447630537608369,0.4569349696738317,0.2944644126451581,0.39355059333133025,0.022541036435405375,91.830533054374,0.06735295111416084,0.45146049320959614,0.2951160621101407,0.18607049356610245,0.019789355919089882,95.60281347473405,0.067276090986064,0.4425959289337961,0.29028548274892496,0.3671390184967647,0.021465437462961753,96.43201518874308,0.17341496678148396,0.16811217211365886,0.0053027946678250925,0.0,0.0036316792536017603,0.0,0.0010110576660559568,0.0,0.0006600046319845366,0.49709952229283466,0.23247661899641484,0.25393380677561894,0.019089383253410315,0.020706301683355195,99.9674120041089,0.43983547118338506,0.22245863954570777,0.040186692330330676,0.30276440670466465,0.0,5.311618283934403e-08
58.0,0.06448009810937053,0.4561576513164751,0.29411397783609966,0.39347597615361946,0.022447991360922348,92.21116304707502,0.0671514272923687,0.4514425216084837,0.29493723660299365,0.1864688144961541,0.01986156722483213,95.95166788019671,0.06716769072089028,0.4429382985528771,0.29046631356778957,0.36668255149407697,0.021383394814842444,96.8020003084152,0.1727752946804634,0.16810542749710566,0.004669867183357747,0.0,0.0032877120272592287,0.0,0.000853901817529256,0.0,0.0005282071494121209,0.4970974100320145,0.2324734939134201,0.2539314026638971,0.01908846720672417,0.020705846252042186,99.96961081738863,0.4399375149679447,0.22230766609924507,0.040070549164550384,0.30272015228788235,0.0,4.618915714123322e-08
59.0,0.06448665494148532,0.45543757097704807,0.2937974110739353,0.3934007392960651,0.022358850454159484,92.57879315867342,0.06696286615292583,0.45140557045467244,0.294757751101699,0.18687381229070282,0.019930985686242842,96.28702999329862,0.0670625082688071,0.44327022204274974,0.2906355755165342,0.36622854026666185,0.021308952245114796,97.14017693835189,0.17220892378655284,0.1680991594851626,0.004109764301390222,0.0,0.0029729826914192663,0.0,0.0007158026213951724,0.0,0.0004209388146587272,0.49709542848607785,0.23247056073140837,0.25392914785931764,0.01908760989819568,0.020705422178386758,99.97165832349238,0.44003324388774845,0.2221659634314565,0.03996161905964557,0.30267873552440877,0.0,4.017391705583243e-08
60.0,0.06449543036163224,0.45477138596110467,0.2935121227442324,0.3933248756462857,0.02227348774352585,92.93359959142494,0.0667863026102199,0.4513510480155376,0.2945780728320351,0.1872845765422074,0.01999759888741583,96.608839832524,0.06696035612657628,0.4435908013760559,0.2907932323937634,0.3657769662294016,0.02124152526270749,97.44852904209486,0.1717077784832973,0.1680932759904131,0.0036145024928842017,0.0,0.0026853405360437897,0.0,0.0005951229059523949,0.0,0.0003340041009572496,0.4970935659383896,0.23246779990686525,0.2539270274679304,0.019086804868839256,0.020705027306649474,99.9735649127384,0.4401232239760118,0.22203258739086584,0.039859182485599665,0.3026398443792304,0.0,3.494993076760628e-08
61.0,0.06450593408774673,0.45415587328257795,0.29325566168534295,0.39324837854584843,0.02219178164595229,93.27576417637,0.06662084190812695,0.4512802905992982,0.29439861281337976,0.18770025467919507,0.020061408958098083,96.91710768672739,0.06686105842809029,0.44389928103654086,0.29093931715166516,0.36532781080580917,0.021180571138738686,97.72896953073425,0.17126463342262827,0.16808768829298107,0.0031769451296471845,0.0,0.002422767292374709,0.0,0.0004902874552506202,0.0,0.0002638599695647309,0.4970918116189423,0.2324651932090443,0.2539250276404221,0.019086046061921325,0.02070465961463055,99.97534033347006,0.4402079755341666,0.22190665724610548,0.039762570379052065,0.30260318625021637,0.0,3.0412457124802964e-08
62.0,0.06451772600023388,0.45358793040103834,0.2930257113573852,0.3931712417722933,0.02211361443905032,93.60547535847502,0.06646565435497707,0.4511945652462135,0.29421973075724683,0.18812004964156268,0.020122430749248077,97.21190530121564,0.06676445042276226,0.4441950356249651,0.291073922535384,0.36488105541264954,0.02112558588391807,97.9833365491228,0.170873026372192,0.16808231138374596,0.0027907149884460413,0.0,0.0021833695539234545,0.0,0.00039979435034099854,0.0,0.00020752461364967388,0.4970901556294723,0.23246272365810555,0.25392313551489576,0.019085327806690075,0.020704317207458016,99.97699372166265,0.4402879767494968,0.2217873526973721,0.039671161378928066,0.30256848718210066,0.0,2.6470531914271e-08
63.0,0.06453041161454082,0.4530645753980712,0.2928200857720275,0.3930934595231894,0.022038871836892023,93.92292884957638,0.06631997044743002,0.451095072321245,0.2940417396352879,0.18854321759603715,0.020180690192520282,97.49335795238159,0.0666703779426737,0.44447755834258945,0.29119719265628957,0.36443668145037283,0.02107610145647686,98.21339092222048,0.17052717957719474,0.16807706423449018,0.002450115342704562,0.0,0.0019653720061741766,0.0,0.00032222281922911076,0.0,0.00016249747210336977,0.49708858887490065,0.2324603754647591,0.25392133916216175,0.019084644802436494,0.02070399831139711,99.97853363047638,0.44036366700727303,0.22167391096060163,0.039584379183457696,0.30253549109646527,0.0,2.3045197905079247e-08
64.0,0.0645436380213258,0.45258294665109033,0.292636725234453,0.3930150264018348,0.021967442650638838,94.22832800253815,0.06618307636239945,0.4509829480153299,0.2938649099301516,0.18896906569211905,0.020236222825317115,97.76163732219752,0.06657869686313225,0.44474645029306764,0.29130931541916694,0.363994670298561,0.021031683182813992,98.42081460949369,0.17022192892202997,0.1680718700029747,0.002150058919055277,0.0,0.0017671112830747945,0.0,0.00025623821622464707,0.0,0.00012668935180394387,0.49708710300049325,0.23245813397145768,0.25391962753343733,0.0190839921028806,0.020703701267727404,99.97996805952545,0.4404354499265354,0.2215656239264624,0.039501690023513225,0.30250395903743715,0.0,2.0067951891873163e-08
65.0,0.06455709023349289,0.4521403020588468,0.29247369194367345,0.3929359374042833,0.021899218518434835,94.52188395302082,0.06605430979492606,0.45085926676240234,0.2936894735834086,0.18939694985926303,0.020289072464929125,98.01695509295732,0.06648927256146715,0.44500141054774495,0.2914105157293206,0.3635550033156606,0.02099192737428851,98.60721002668295,0.1699526602088953,0.1680666561802878,0.0018860040286074935,0.0,0.0015870303096560386,0.0,0.00020059466396755586,0.0,9.836157559955721e-05,0.49708569033420374,0.23245598559518182,0.2539179904103593,0.01908336510088097,0.020703424526725536,99.98130448367554,0.44050369614552587,0.22146183539629777,0.039422600247723594,0.3024736684330011,0.0,1.7479384342130008e-08
66.0,0.06457048788834083,0.45173401786898676,0.2923291654924731,0.3928561879074403,0.021834093691657265,94.80381556905499,0.06593305611940718,0.45072504357901333,0.29351562765523115,0.18982627264634838,0.0203392900169699,98.25955719079924,0.06640197937873682,0.4452422269232574,0.2915010494112005,0.3631176618423427,0.020956459124769778,98.77410010619253,0.16971525190744374,0.1680613546871969,0.0016538972202468243,0.0,0.0014236730232227999,0.0,0.00015413581352158298,0.0,7.607315551290216e-05,0.497084343833718,0.23245391777186003,0.25391641835722506,0.019082759513468453,0.020703166641784107,99.98254988121772,0.44056874587999295,0.22136193839705232,0.0393466540152243,0.302444412371976,0.0,1.5227989539410796e-08
67.0,0.06458358226072754,0.45136158715428126,0.2922014383037049,0.39277577365801736,0.02177196486686138,95.07434924313951,0.0658187448516662,0.4505812363329186,0.29334353771072985,0.19025648110468538,0.020386932404828313,98.48971861386633,0.06631670008865748,0.4454687674239561,0.2915811977754314,0.3626826272078918,0.020924930274680318,98.92292897941168,0.16950602376962146,0.16805590192565353,0.0014501218439679226,0.0,0.0012756793919647953,0.0,0.00011579410916285506,0.0,5.863507371398483e-05,0.4970830570377696,0.23245191890246192,0.25391490267538236,0.019082171367207086,0.020702926263691152,99.98371076129636,0.4406309112751375,0.2212653725770184,0.03927343109221143,0.302415998896797,0.0,1.3269126287512223e-08
68.0,0.0645961535496542,0.4510206179806008,0.2920889110354265,0.3926946907621763,0.021712731054629467,95.33371855679104,0.06571084638984073,0.4504287479463994,0.2931733409478511,0.19068706471590874,0.02043206160822359,98.70773878754464,0.06623332537756992,0.44568097230504927,0.2916512627760645,0.3622498807390878,0.020897017528328343,99.05506317613393,0.1693216907457817,0.16805023879106207,0.0012714519547196376,0.0,0.0011417806707363207,0.0,8.458888425978795e-05,0.0,4.507083561226073e-05,0.4970818240213422,0.232449978300797,0.25391343535969313,0.019081596983886714,0.020702702135088416,99.98479319050018,0.4406904785697996,0.2211716216839829,0.03920254474870344,0.30238825031232314,0.0,1.1564111268262368e-08
69.0,0.06460800840618605,0.45070883130634337,0.2919900879834544,0.3926129356757255,0.02165629347809302,95.58216384328458,0.06560886901286532,0.45026842853940874,0.293005149081579,0.191117553366147,0.02047474380017362,98.9139373951383,0.06615175333870614,0.4458788467154756,0.29171156270448373,0.36181940377109817,0.020872420712328053,99.17179324766805,0.16915932168073083,0.16804431065041645,0.0011150110303143788,0.0,0.0010207948501763696,0.0,5.9623562234740794e-05,0.0,3.4582538474225016e-05,0.4970806393544131,0.23244808614304524,0.25391200905700084,0.019081032966552565,0.020702493085122745,99.98580281854346,0.4407477100895687,0.22108021112704235,0.03913363975209505,0.3023610025109224,0.0,1.007942904340444e-08
70.0,0.06461897767529085,0.45042405864985124,0.29190357250631155,0.392530505194759,0.021602555495191317,95.81993167068173,0.0655123561163288,0.45010107751693607,0.29283905099889557,0.1915475153678397,0.02051504857278892,99.10865063766303,0.06607188898344432,0.44606245388240545,0.2917624283707004,0.3613911776599502,0.02085086116384618,99.27433573105787,0.1690163023105886,0.1680380672909417,0.0009782350196468853,0.0,0.0009116222681205737,0.0,4.008219126550537e-05,0.0,2.65217742163784e-05,0.4970794980639279,0.23244623341903928,0.25391061702653384,0.01908047618587755,0.020702298024300587,99.9867449029864,0.4408028460837999,0.2209907056230307,0.03906639045422522,0.30233410431411517,0.0,8.786044427845132e-09
71.0,0.06462891432811554,0.45016423955836166,0.2918280624942481,0.3924473964466488,0.02155142253979978,96.04727426408544,0.06542088366662137,0.4499274456042916,0.2926751151985714,0.1919765555305155,0.02055304824329249,99.29222788121292,0.06599364377168136,0.4462319088019252,0.2918041997267732,0.36096518379620135,0.020832080238294515,99.36383538194387,0.16889030212246592,0.16803146284344145,0.0008588392790244693,0.0,0.0008132413620914862,0.0,2.5225502375370897e-05,0.0,2.0364755753060485e-05,0.4970783955987269,0.23244441188531037,0.2539092531021785,0.01907992376688308,0.0207021159395522,99.98762433296066,0.4408561064200151,0.22090270692815922,0.03900049896878699,0.30230741683105405,0.0,7.658804551803954e-09
72.0,0.06463769156454424,0.4499274189092354,0.29176234590100186,0.3923636068813216,0.02150280207774686,96.26444888331687,0.06533405785549415,0.4497482368333462,0.2925133920294056,0.19240431328175397,0.0205888172325526,99.46502865463857,0.06591693516292632,0.44638737240291193,0.29183722289081077,0.3605414036194674,0.020815837926911655,99.44136761293719,0.16877924467841987,0.16802445568415153,0.0007547889942683501,0.0,0.0007247045491251474,0.0,1.4386647146255745e-05,0.0,1.5691122077568773e-05,0.49707732779717273,0.23244261401990357,0.2539079116565585,0.019079373076014056,0.020701945889509597,99.98844565187765,0.440907692147833,0.22081585165513096,0.038935693435995455,0.3022808128341132,0.0,6.675919378151632e-09
73.0,0.06464520106868092,0.4497117440715789,0.291705296354228,0.3922791342627641,0.021456603574465754,96.47171716984485,0.06525151293838943,0.4495641104821443,0.2923539157400283,0.192830460839438,0.02062243150920975,99.62741996411225,0.06584168618923948,0.44652904615335876,0.2918618475334636,0.3601198186335124,0.02080191157544313,99.50794108292172,0.1686812810425234,0.1680170083185285,0.0006642727239948844,0.0,0.0006451342247640977,0.0,6.966742790780231e-06,0.0,1.2165937929261287e-05,0.49707629085725136,0.23244083297896082,0.2539065875668582,0.019078821708573175,0.020701786999999604,99.98921307911156,0.4409577869433846,0.22072980917566043,0.038871726371495996,0.302254176151837,0.0,5.818510745176656e-09
74.0,0.06465135140225918,0.4495154619539239,0.29165586885804534,0.3921939766607118,0.021412738471626683,96.66934447474677,0.0651729092411297,0.4493756829697493,0.2921967063528471,0.19325470143627393,0.020653968093188015,99.77977389458029,0.06576782505071635,0.4466571670804879,0.2918784245920115,0.35970041042163786,0.02079009469584299,99.5645003904303,0.16859476598493567,0.16800908725006164,0.0005856787348740211,0.0,0.0005737188771157232,0.0,2.4303281101146696e-06,0.0,9.52445942700003e-06,0.4970752813089424,0.23243906255506416,0.2539052761823279,0.019078267476519216,0.02070163845975174,99.98993053065645,0.4410065584441195,0.22064427960802013,0.03880837309655738,0.3022274010794734,0.0,5.070221183122622e-09
75.0,0.06465606652296844,0.44933691596133984,0.29161309559890847,0.39210813244248877,0.021371120170586785,96.85759917770878,0.06509793132075246,0.44918352970768016,0.29204177137415505,0.19367676759741226,0.020683504613016258,99.92246547117213,0.06569528473384607,0.4467720031778984,0.29188730428011006,0.35928316066214583,0.020780195863580424,99.61192883119867,0.168518236669415,0.16800066283688123,0.0005175738325337791,0.0,0.0005097093147504136,0.0,3.0081337719282004e-07,0.0,7.559287531367433e-06,0.4970742959886724,0.23243729713732478,0.25390397329341263,0.01907770839663328,0.02070149951631894,99.99060163876543,0.44105415948296556,0.22055899188893924,0.03874543024664723,0.30220039180728114,0.0,4.4168748053819156e-09
76.0,0.06465928441636046,0.44917454288322245,0.2915760818639987,0.392021600264971,0.02133166402089802,97.03675200553816,0.06502628626742982,0.4489881869088662,0.2918891073518521,0.1940964194718519,0.020711118911948146,99.9441604416261,0.06562400265275917,0.44687384917475,0.2918888343639953,0.358868051143679,0.02077203769374798,99.65105118619934,0.16845039356073382,0.16799170913865008,0.0004586844220837496,0.0,0.00045241500915717156,0.0,1.5598991399549271e-07,0.0,6.109576829068892e-06,0.4970733320156835,0.23243553167319883,0.25390267510244335,0.019077142679056105,0.02070136947220757,99.99122977058796,0.4411007292299714,0.22047370192891264,0.03868271435553805,0.3021730618667662,0.0,3.846183513633852e-09
77.0,0.06466095583141264,0.44902686973102107,0.2915440020795235,0.3919343790666539,0.021294287312443535,97.20707535733034,0.0649577021355035,0.44879015335468037,0.2917387012916592,0.19451344321815708,0.020736888698375405,99.8199595691281,0.06555392031311659,0.44696302264360516,0.29188335867847076,0.3584550637802716,0.020765455889732734,99.6826365119588,0.16839008331593494,0.16798220375595851,0.0004078795599764211,0.0,0.00040120055369128113,0.0,1.6236506264280998e-06,0.0,5.052008166116709e-06,0.497072386770164,0.2324337616320051,0.25390137819583397,0.019076568716198887,0.020701247681212523,99.99181804582417,0.4411463942488103,0.22038819084973532,0.038620060512140564,0.3021453335949597,0.0,3.3474925952094463e-09
78.0,0.06466104311101833,0.44889251054332635,0.2915160959747013,0.39184646805980855,0.021258909270043105,97.36884264228034,0.06489192649269303,0.4485898921203099,0.2915905319421354,0.19492764944486174,0.020760891236474698,99.70455352247349,0.06548498299817865,0.4470398604250415,0.2918712158583295,0.3580441806259691,0.020760298358734258,99.7074009097982,0.1683362834483851,0.1679721276642023,0.0003641557841827979,0.0,0.000355482241608061,0.0,4.377360627811481e-06,0.0,4.293270386396063e-06,0.497071457873003,0.2324319829701158,0.25390007951772714,0.019075985072029046,0.020701133544951886,99.99236935342196,0.4411912694748579,0.22030226330285907,0.038557321087311414,0.30211713761681197,0.0,2.9115605294218395e-09
79.0,0.06465951910968458,0.4487701631740311,0.2914916648757756,0.39175786672271606,0.021225451049589537,97.52232763512329,0.06482872507749024,0.44838783225847945,0.2914445709582467,0.1953388717057836,0.02078320307342859,99.59751555850352,0.0654171394764208,0.44710471534852053,0.29185273826301195,0.35763538388889804,0.020756424388893167,99.72601025487717,0.1682880885762354,0.16796146504370196,0.0003266235325334396,0.0,0.00031472476601515637,0.0,8.13240697682223e-06,0.0,3.763829172981966e-06,0.49707054316704113,0.2324301920977872,0.25389877634503205,0.019075390471731603,0.02070102650959556,99.99288636734292,0.441235459120956,0.22021574586697684,0.038494364527934144,0.3020884123457314,0.0,2.530368479047555e-09
80.0,0.06465636619157553,0.44865860607769664,0.2914700681331339,0.3916685747919729,0.021193835734959147,97.66780385331377,0.06476788055563971,0.4481843704413552,0.291300783952686,0.19574696505031916,0.020803899799913282,99.49843112924292,0.06535034172993244,0.44715795323027235,0.2918282510742743,0.35722865594468844,0.020753703883236524,99.73908286960362,0.16824469808731682,0.16795020310761688,0.00029449497969992976,0.0,0.000278438044500466,0.0,1.2641948179454353e-05,0.0,3.4127900644917337e-06,0.4970696406997032,0.23242838584759398,0.25389746626380005,0.01907478379174597,0.02070092606278116,99.9933715614288,0.44127905751643864,0.22012848552307446,0.03843107421562075,0.302059103502259,0.0,2.1969555176488708e-09
81.0,0.06465157530276992,0.44855669510478857,0.2914507196834877,0.3915785922548618,0.021163988335087976,97.80554395928974,0.06470919136741986,0.4479798725603237,0.291159131443609,0.19615180462864745,0.020823055840861644,99.40689816522573,0.06528454470273572,0.4471999501301297,0.2917980715484616,0.3568239793491713,0.020752016646051474,99.74719212916575,0.1682054050708409,0.16793833192902632,0.00026707314181455977,0.0,0.0002461741708914493,0.0,1.769337719889303e-05,0.0,3.2036884480618782e-06,0.497068748706907,0.23242656144442758,0.25389614714688435,0.01907416405017703,0.020700831730710505,99.99382722339998,0.44132214988451274,0.22004034820504714,0.038367347387442186,0.3020291636508257,0.0,1.9052761555249844e-09
82.0,0.06464514511222552,0.4484633603180945,0.29143308474808655,0.39148791934178573,0.021135835780726815,97.93581919049907,0.06465247065818798,0.44777467528324943,0.29101956970693205,0.19655328435163055,0.02084074427378801,99.32252727004492,0.06521970606809264,0.44723108985033483,0.29176250840664997,0.35642133685028776,0.020751251717671382,99.75086898968155,0.16816958638268198,0.16792584426837695,0.00024374211430504096,0.0,0.00021752449614227302,0.0,2.310490605932278e-05,0.0,3.1110620262727576e-06,0.4970678655981509,0.23242471647701693,0.25389481713283096,0.01907353039757861,0.020700743075419557,99.99425546801967,0.4413648130626525,0.21995121742385937,0.038303094116145575,0.3019985517545002,0.0,1.6500771724062251e-09
83.0,0.06463708121647864,0.44837760284037903,0.2914166766670851,0.39139655651876465,0.021109306920489415,98.05889881927733,0.06459754528533608,0.4475690875687637,0.29088205154083424,0.19695131560506585,0.02085703667221091,99.2449418387066,0.06515578601382381,0.44725176166035485,0.2917218613474565,0.3560207113991641,0.02075130675399897,99.7506044318121,0.16813669372566617,0.1679127354023464,0.00022395832331976832,0.0,0.00019211683978474884,0.0,2.8722375529443933e-05,0.0,3.1176812144175297e-06,0.49706698994269394,0.2324228488709277,0.25389347460594963,0.019072882108106665,0.020700659692214775,99.99465824945777,0.44140711617027506,0.21986099296313227,0.03823823634738133,0.301967232747597,0.0,1.4267911580536192e-09
84.0,0.0646273954035692,0.4482984917421795,0.29140105386943377,0.3913045044799947,0.021084332515889613,98.17504964415538,0.06454425489542748,0.4473633921371233,0.29074652694962827,0.1973458260178209,0.020872002971929454,99.17377811057253,0.0650927470446373,0.44726235823268284,0.2916764206687228,0.35562208616031926,0.02075208744740351,99.74685181467535,0.16810624563932228,0.16789900295502985,0.0002072426842924288,0.0,0.00016961283275626003,0.0,3.4416289664315216e-05,0.0,3.212330427350389e-06,0.4970661204567449,0.23242095686299455,0.25389211817751495,0.01907221857103868,0.020700581207268247,99.99503737289047,0.4414491212276099,0.21976958964396165,0.038172706991517646,0.3019351771259771,0.0,1.231444503162604e-09
85.0,0.06461610497208178,0.44822516097757537,0.29138581697702554,0.39121176414047115,0.02106084523513266,98.2845355137193,0.0644924510658506,0.44715784689719046,0.29061294375369656,0.19773675828326231,0.020885711358107528,99.1086851661299,0.06503055380045919,0.447263273775478,0.29162646698557076,0.35522544452098304,0.020753506985914095,99.74002913658259,0.1680778203051336,0.16788464673223075,0.0001931735729028556,0.0,0.00014970539177117285,0.0,4.007907203167437e-05,0.0,3.3880485221234183e-06,0.4970652559915884,0.2324190389771399,0.25389074666804834,0.019071539282655085,0.020700507275364793,99.99539450536797,0.44149088372935735,0.21967693615671435,0.03810644906768701,0.30190236055483766,0.0,1.060577884952874e-09
86.0,0.06460323210154173,0.44815680637478356,0.29137060604128007,0.39111833662867856,0.02103877964548155,98.38761688375314,0.06444199650584065,0.4469526863291267,0.2904812481317502,0.1981240690332824,0.02089822817129419,99.04932487552382,0.06496917288976269,0.4472549023487197,0.2915722710335088,0.35483077009951336,0.020755485547891164,99.73052120053427,0.1680510490835963,0.1678696685595218,0.00018138052407451268,0.0,0.00013211632475242603,0.0,4.5622538130256194e-05,0.0,3.6407500142805806e-06,0.4970643955225773,0.23241709400153154,0.253889359090634,0.019070843838477874,0.020700437577793322,99.99573118598784,0.4415324531764395,0.2195829739575098,0.038039414897769075,0.30186876349375696,0.0,9.111775498617213e-10
87.0,0.06458880327071129,0.44809268268752583,0.2913550979098809,0.39102422327935,0.021018072204067522,98.48455040804143,0.0643927643121859,0.44674812282244797,0.29035138510124253,0.19850772776412365,0.020909617830667193,98.99537180566888,0.06490857273690953,0.44723763635131586,0.29151409354635155,0.35443804675291135,0.020757949829596743,99.71868168358294,0.16802561070848887,0.16785407212463674,0.0001715385838521344,0.0,0.00011659406621110477,0.0,5.097557672276289e-05,0.0,3.9681603023412405e-06,0.4970635381389307,0.23241512096703112,0.2538879546352222,0.019070131925860816,0.020700371820375468,99.99604883540673,0.44157387356888567,0.219487656227063,0.03797156534808105,0.30183437083872716,0.0,7.806159254785361e-10
88.0,0.06457284872059955,0.448032100712283,0.29133900372098903,0.3909294256262994,0.020998661247052058,98.57558856291077,0.06434463727535661,0.44654434796916675,0.29022329894236726,0.19888771581310946,0.020919942772926806,98.94651309181114,0.06484872344254289,0.44721186516732636,0.2914521851997049,0.35404725858343916,0.020760832603300115,99.70483511014413,0.16800122607180776,0.16783786282466037,0.00016336324714737497,0.0,0.00010291154086359166,0.0,5.6082031467003546e-05,0.0,4.369008216488446e-06,0.49706268303427764,0.23241311912688542,0.25388653265387506,0.019069403316925287,0.020700309731624712,99.99634876472338,0.44161518386265486,0.21939094688955846,0.03790286911660978,0.3017991715808815,0.0,6.666002913332477e-10
89.0,0.06455540195923902,0.44797442447578517,0.2913220665219329,0.3908339453953308,0.020980486977081696,98.66097930531758,0.06429750723217745,0.4463415338118317,0.2900969335706879,0.19926402538530302,0.02092926340539386,98.9024482786086,0.06478959665610211,0.44717797396013703,0.2913867866116725,0.35365838994435383,0.02076407230375323,99.68927873012586,0.1679776535399464,0.16782104761839725,0.00015660592154915395,0.0,9.086415322339995e-05,0.0,6.0898773262205574e-05,0.0,4.842427935140311e-06,0.49706182949789396,0.23241108793761148,0.25388509264691245,0.019068657861834967,0.020700251061028543,99.99663218376885,0.4416564183929817,0.21929281968921777,0.037833302063687124,0.3017631584815947,0.0,5.671284081275748e-10
90.0,0.0645364993054937,0.44791906849638774,0.2913040590091079,0.39073778449722824,0.020963491449004213,98.74096576406251,0.06425127446150819,0.4461398340463703,0.28997223286308116,0.19963665862904034,0.020937638071981676,98.86288913510808,0.06473116545956614,0.44713634260405694,0.29131812839326726,0.35327142544477524,0.02076761264105001,99.67228430338662,0.16795468474799652,0.16780363488422426,0.0001510498637722562,0.0,8.026790040113583e-05,0.0,6.539395307137478e-05,0.0,5.387529849588626e-06,0.4970609769065832,0.2324090270410283,0.2538836342499136,0.0190678954824024,0.020700195577447535,99.99690020883274,0.4416976072666319,0.2191932573222381,0.037762846584074805,0.30172632776361347,0.0,4.8045015694228e-10
91.0,0.06451617946935514,0.4478654951223389,0.29128478138560776,0.39064094502083146,0.020947618553837956,98.8157859635119,0.06420584711971057,0.44593938517974185,0.2898491409413334,0.20000562675921416,0.020945123030813244,98.82755944742574,0.06467340426157207,0.44708734474341166,0.2912464312417634,0.35288634995371154,0.020771402238047316,99.65409979253934,0.16793214082462204,0.1677856342836623,0.00014650654095972737,0.0,7.095760489788298e-05,0.0,6.954542457919405e-05,0.0,6.003106448283411e-06,0.49706012471715433,0.2324069362473868,0.2538821572215367,0.019067116166019766,0.020700143067624636,99.99715386985835,0.4417387767252753,0.21909225062179727,0.0376914910184909,0.3016886788178512,0.0,4.050343669378057e-10
92.0,0.064494483166354,0.44781321194935864,0.29126405933294314,0.3905434292262003,0.0209328140010062,98.88567257903517,0.06416114071296054,0.44574030764251243,0.2897276024174031,0.2003709492271239,0.020951772442350986,98.796194792438,0.06461628870109694,0.44703134696976987,0.29117190607091264,0.35250314860326953,0.020775394290674418,99.63495096651408,0.16790986900489194,0.16776705663084057,0.00014281237405137852,0.0,6.278526378657218e-05,0.0,7.333932585582158e-05,0.0,6.687444868861938e-06,0.49705927245945636,0.23240481551955092,0.2538806614321143,0.019066319959905965,0.02070009333479828,99.99739411713689,0.4417799494820174,0.21898979779384675,0.03761922910267568,0.3016502139254634,0.0,3.3954012280958767e-10
93.0,0.0644714527638709,0.44776176931941136,0.2912417420930812,0.3904452395378735,0.020919025298864635,98.95085272322355,0.06411707760372118,0.4455427068565674,0.2896075626040561,0.2007326529356552,0.020957638366991497,98.7685422953735,0.06455979555993374,0.44696870810847894,0.2910947541725728,0.35212180679108107,0.02077954624959302,99.6150429175942,0.1678877395928286,0.1677479137679719,0.00013982582485670228,0.0,5.5618510342425846e-05,0.0,7.676880917882965e-05,0.0,7.4382225435066396e-06,0.49705841972992815,0.23240266495818399,0.2538791468529885,0.019065506965661692,0.0207000461974134,99.99762182752983,0.4418211450329793,0.21888590370145233,0.037546059452159386,0.3016109379948021,0.0,2.827919401596375e-10
94.0,0.06444713195727202,0.4477107579020672,0.29121770065695063,0.39034637853822574,0.020906201733564365,99.01154776183388,0.06407358654892116,0.4453466742582822,0.28948896769429133,0.20109077149850535,0.020962770771156495,98.74436037384314,0.06450390268323639,0.44689977860619046,0.29101516740486777,0.3517423101819791,0.02078381952179292,99.59456149486316,0.1678656432393049,0.1677282184469081,0.0001374247923967801,0.0,4.9339183907649244e-05,0.0,7.983290828640139e-05,0.0,8.252466444448523e-06,0.4970575661856296,0.23240048478789407,0.2538776135465482,0.019064677334123946,0.020700001487924728,99.99783781024573,0.441862379945678,0.21878057919547972,0.03747198508095928,0.30157085831283553,0.0,2.3375828096314974e-10
95.0,0.06442156547392508,0.4476598063594016,0.29119182605550353,0.3902468489609263,0.02089429434630444,99.06797315830164,0.06403060226759337,0.44515228827757247,0.28937176491270167,0.2014453445421326,0.020967217540983935,98.72341847053706,0.06444858890745127,0.44682490001153874,0.2909333284025133,0.3513646447089584,0.02078817919082079,99.57367465715083,0.1678434885043685,0.16770798421680097,0.0001355042875675473,0.0,4.384200355468625e-05,0.0,8.253553256747196e-05,0.0,9.126559912436384e-06,0.4970567115387185,0.23239827534429428,0.25387606165693294,0.01906383126051106,0.020699959051686423,99.99804281220078,0.4419036681258313,0.21867384048947075,0.037397012952495534,0.30152998431060457,0.0,1.9153295272389394e-10
96.0,0.06439479880326983,0.44760857909497975,0.2911640277493964,0.39014665368450535,0.020883255909037744,99.12033834558902,0.06398806503591664,0.4449596152733436,0.28925590264166223,0.2017964170490775,0.020971024502789037,98.70549677656659,0.06439383399499606,0.4467444045415915,0.29084941080541454,0.35098879657345916,0.020792593754440626,99.55253374867033,0.16782119967613318,0.1676872253178554,0.00013397435827776938,0.0,3.903334094425967e-05,0.0,8.488457801291463e-05,0.0,1.0056284001596615e-05,0.4970558555513434,0.232396037061934,0.2538744914013704,0.0190629689798493,0.020699918745922953,99.99823752298735,0.4419450210640937,0.21856570857660473,0.037321153561080456,0.30148832734227954,0.0,1.5531899846218527e-10
97.0,0.06436687795122818,0.44755677408710837,0.29113423211335204,0.3900457957260294,0.02087304089870254,99.16884662406856,0.06394592030777467,0.4447687104259513,0.2891413305249968,0.20214403874127726,0.020974235449528172,98.69038594719824,0.06433961857508799,0.4466586147271246,0.29076357950206744,0.35061475224501154,0.020797034878617487,99.53127470058585,0.16779871482110956,0.16766595658112882,0.00013275823998074965,0.0,3.483008765637606e-05,0.0,8.689114513926391e-05,0.0,1.1036882770371444e-05,0.49705499803092273,0.23239377046305917,0.25387290306211313,0.019062090762671707,0.020699880438776182,99.99842257947468,0.4419864480641243,0.21845620868669452,0.03724442054239485,0.3014459004773716,0.0,1.2441473822707803e-10
98.0,0.06433784921734045,0.4475041208062079,0.29110238101127994,0.38994427823489164,0.02086360547005813,99.21369508410163,0.06390411835910119,0.44457961858737055,0.2890279995515515,0.20248826350197674,0.020976892172554162,98.6778868115478,0.06428592409016456,0.4465678431301872,0.29067599088468205,0.3502424984602802,0.02080147716679978,99.5100191617688,0.16777598404328395,0.16764419333429942,0.00013179070898452534,0.0,3.115861219988342e-05,0.0,8.856885453136762e-05,0.0,1.2063144051605137e-05,0.49705413882578336,0.2323914761471595,0.25387129697894395,0.01906119691097997,0.02069984400842358,99.99859857006632,0.44202795645328585,0.21834536978122165,0.03716683031142726,0.30140271830564835,0.0,9.820166917647081e-11
99.0,0.06430775899310902,0.4474503782158624,0.29106843045827213,0.38984210448671996,0.020854907427209125,99.25507455193488,0.06386261395442089,0.44439237508985463,0.28891586212089665,0.20282914883482786,0.02097903449800621,98.66781007763083,0.0642327327473784,0.4464723921278125,0.29058679311329644,0.34987202222154856,0.020805897943551886,99.48887556198255,0.16775296793143593,0.16762195131330215,0.0001310166181337907,0.0,2.7953801876711145e-05,0.0,8.993325112306514e-05,0.0,1.3129489000042475e-05,0.49705327782113373,0.23238915478126343,0.25386967354221995,0.019060287754459775,0.02069980934226325,99.99876603863542,0.4420695517771851,0.21823322408447632,0.03708840172641109,0.3013587967542976,0.0,7.613397192670546e-11
100.0,0.06427665358011905,0.44739533285683986,0.2910323493656404,0.3897392778774055,0.02084690619390677,99.29316955752208,0.06382136603412288,0.444207006513935,0.2888048720931816,0.2031667553587605,0.02098070032722676,98.65997603402926,0.06418002747468605,0.44637255375610396,0.2904961263864662,0.3495033107946819,0.020810277051658985,99.46794011069288,0.16772963617614256,0.16759924657970843,0.00013038959643412454,0.0,2.515818468521742e-05,0.0,9.100128882952061e-05,0.0,1.4230065189981412e-05,0.4970524149353481,0.2323868070909414,0.2538680331864249,0.019059363646940223,0.02069977633616116,99.99892548815926,0.44211123797917856,0.218119806648926,0.03700915577735209,0.30131415291688146,0.0,5.7729405103563856e-11
